ID,Acronym,Hemisphere,"Sample Number
Brain 1","Sample Number
Brain 2",Structures represented with at least n=2 samples in both brains,Structures,,,,,,,,,
4005,Br,,,,,Brain,,,,,,,,,
4006,GM,,,,,,Grey Matter,,,,,,,,
4007,Tel,,,,,,,Telencephalon,,,,,,,
4008,Cx,,,,,,,,Cerebral Cortex,,,,,,
4009,FL,,,,,,,,,Frontal Lobe,,,,,
4053,AOrG,,,,,,,,,,anterior orbital gyrus,,,,
4054,AOrG,L,,,,,,,,,,"anterior orbital gyrus, Left",,,
4055,AOrG,R,1,,,,,,,,,"anterior orbital gyrus, Right",,,
4078,fro,,,,x,,,,,,frontal operculum,,,,
4079,fro,L,3,1,,,,,,,,"frontal operculum, Left",,,
4080,fro,R,2,1,,,,,,,,"frontal operculum, Right",,,
4888,FP,,,,,,,,,,frontal pole,,,,
4889,FP,L,,,,,,,,,,"frontal pole, Left",,,
4890,FP-s,L,2,1,x,,,,,,,,"frontal pole, Left, superior aspect",,
4891,FPi,L,,2,,,,,,,,,"frontal pole, Left, inferior aspect",,
4892,FPm,L,,1,,,,,,,,,"frontal pole, Left, medial aspect",,
4893,FP,R,,,,,,,,,,"frontal pole, Right",,,
4894,FP-s,R,,2,,,,,,,,,"frontal pole, Right, superior aspect",,
4895,FPi,R,,1,,,,,,,,,"frontal pole, Right, inferior aspect",,
4896,FPm,R,,1,,,,,,,,,"frontal pole, Right, medial aspect",,
4047,GRe,,,,x,,,,,,gyrus rectus,,,,
4048,GRe,L,3,3,,,,,,,,"gyrus rectus, Left",,,
4049,GRe,R,5,4,,,,,,,,"gyrus rectus, Right",,,
4035,IFG,,,,,,,,,,inferior frontal gyrus,,,,
4036,IFG,L,,,,,,,,,,"inferior frontal gyrus, Left",,,
4037,IFG,R,,,,,,,,,,"inferior frontal gyrus, Right",,,
4041,opIFG,,,,x,,,,,,,"inferior frontal gyrus, opercular part",,,
4042,opIFG,L,1,1,,,,,,,,,"inferior frontal gyrus, opercular part, Left",,
4043,opIFG,R,2,1,,,,,,,,,"inferior frontal gyrus, opercular part, Right",,
4044,orIFG,,,,x,,,,,,,"inferior frontal gyrus, orbital part",,,
4045,orIFG,L,2,2,,,,,,,,,"inferior frontal gyrus, orbital part, Left",,
4046,orIFG,R,3,2,,,,,,,,,"inferior frontal gyrus, orbital part, Right",,
4038,trIFG,,3,2,x,,,,,,,"Inferior frontal gyrus, triangular part",,,
4039,trIFG,L,1,2,,,,,,,,,"Inferior frontal gyrus, triangular part, Left",,
4040,trIFG,R,,,,,,,,,,,"Inferior frontal gyrus, triangular part, Right",,
4900,IRoG,,,,x,,,,,,inferior rostral gyrus,,,,
4901,IRoG,L,1,2,,,,,,,,"inferior rostral gyrus, Left",,,
4902,IRoG,R,2,2,,,,,,,,"inferior rostral gyrus, Right",,,
4059,LOrG,,,,x,,,,,,lateral orbital gyrus,,,,
4060,LOrG,L,2,1,,,,,,,,"lateral orbital gyrus, Left",,,
4061,LOrG,R,1,3,,,,,,,,"lateral orbital gyrus, Right",,,
4050,MOrG,,,,x,,,,,,medial orbital gyrus,,,,
4051,MOrG,L,1,3,,,,,,,,"medial orbital gyrus, Left",,,
4052,MOrG,R,3,3,,,,,,,,"medial orbital gyrus, Right",,,
4028,MFG,,,,,,,,,,middle frontal gyrus,,,,
4029,MFG,L,,,,,,,,,,"middle frontal gyrus, Left",,,
4030,MFG-s,L,5,6,x,,,,,,,,"middle frontal gyrus, Left, superior bank of gyrus",,
4031,MFG-i,L,7,5,x,,,,,,,,"middle frontal gyrus, Left, inferior bank of gyrus",,
4032,MFG,R,,,,,,,,,,"middle frontal gyrus, Right",,,
4033,MFG-s,R,10,6,,,,,,,,,"middle frontal gyrus, Right, superior bank of gyrus",,
4034,MFG-i,R,7,6,,,,,,,,,"middle frontal gyrus, Right, inferior bank of gyrus",,
4071,PCLa,,,,,,,,,,"paracentral lobule, anterior part",,,,
4072,PCLa,L,,,,,,,,,,"paracentral lobule, anterior part, Left",,,
4073,PCLa-s,L,4,3,x,,,,,,,,"paracentral lobule, anterior part, Left, superior bank of gyrus",,
4074,PCLa-i,L,3,3,x,,,,,,,,"paracentral lobule, anterior part, Left, inferior bank of gyrus",,
4075,PCLa,R,,,,,,,,,,"paracentral lobule, anterior part, Right",,,
4076,PCLa-s,R,3,2,,,,,,,,,"paracentral lobule, anterior part, Right, superior bank of gyrus",,
4077,PCLa-i,R,3,2,,,,,,,,,"paracentral lobule, anterior part, Right, inferior bank of gyrus",,
4065,PTG,,,,,,,,,,paraterminal gyrus,,,,
4066,PTG,L,,,,,,,,,,"paraterminal gyrus, Left",,,
4067,PTG,R,,1,,,,,,,,"paraterminal gyrus, Right",,,
4068,PaOG,,,,x,,,,,,parolfactory gyri,,,,
4069,PaOG,L,1,2,,,,,,,,"parolfactory gyri, Left",,,
4070,PaOG,R,1,,,,,,,,,"parolfactory gyri, Right",,,
4056,POrG,,,,at least n=1 per structure both brains,,,,,,posterior orbital gyrus,,,,
4057,POrG,L,,,,,,,,,,"posterior orbital gyrus, Left",,,
4058,POrG,R,1,2,,,,,,,,"posterior orbital gyrus, Right",,,
4010,PrG,,,,,,,,,,precentral gyrus,,,,
4011,PrG,L,,,,,,,,,,"precentral gyrus, Left",,,
4012,PrG-prc,L,2,2,x,,,,,,,,"precentral gyrus, Left, bank of the precentral sulcus",,
4013,PrG-sl,L,5,2,,,,,,,,,"precentral gyrus, Left, superior lateral aspect of gyrus",,
4014,PrG-il,L,4,3,x,,,,,,,,"precentral gyrus, Left, inferior lateral aspect of gyrus",,
4015,PrG-cs,L,4,3,x,,,,,,,,"precentral gyrus, Left, bank of the central sulcus",,
4016,PrG,R,,,,,,,,,,"precentral gyrus, Right",,,
4017,PrG-prc,R,2,1,,,,,,,,,"precentral gyrus, Right, bank of the precentral sulcus",,
4018,PrG-sl,R,4,1,x,,,,,,,,"precentral gyrus, Right, superior lateral aspect of gyrus",,
4019,PrG-il,R,4,1,,,,,,,,,"precentral gyrus, Right, inferior lateral aspect of gyrus",,
4020,PrG-cs,R,5,2,,,,,,,,,"precentral gyrus, Right, bank of the central sulcus",,
4062,SCG,,,,at least n=1 per structure both brains,,,,,,subcallosal gyrus,,,,
4063,SCG,L,,1,,,,,,,,"subcallosal gyrus, Left",,,
4064,SCG,R,1,1,,,,,,,,"subcollosal gyrus, Right",,,
4021,SFG,,,,,,,,,,superior frontal gyrus,,,,
4022,SFG,L,,,,,,,,,,"superior frontal gyrus, Left",,,
4023,SFG-m,L,10,6,x,,,,,,,,"superior frontal gyrus, Left, medial bank of gyrus",,
4024,SFG-l,L,8,7,x,,,,,,,,"superior frontal gyrus, Left, lateral bank of gyrus",,
4025,SFG,R,,,,,,,,,,"superior frontal gyrus, Right",,,
4026,SFG-m,R,9,6,,,,,,,,,"superior frontal gyrus, Right, medial bank of gyrus",,
4027,SFG-l,R,7,7,,,,,,,,,"superior frontal gyrus, Right, lateral bank of gyrus",,
4897,SRoG,,,,at least n=1 per structure both brains,,,,,,superior rostral gyrus,,,,
4898,SRoG,L,,2,,,,,,,,"superior rostral gyrus, Left",,,
4899,SRoG,R,1,1,,,,,,,,"superior rostral gyrus, Right",,,
4268,Ins,,,,,,,,,Insula,,,,,
4269,LIG,,,,x,,,,,,Long Insular Gyri,,,,
4270,LIG,L,2,2,,,,,,,,"Long Insular Gyri, Left",,,
4271,LIG,R,3,2,,,,,,,,"Long Insular Gyri, Right",,,
4272,SIG,,,,x,,,,,,Short Insular Gyri,,,,
4273,SIG,L,2,1,,,,,,,,"Short Insular Gyri, Left",,,
4274,SIG,R,4,2,,,,,,,,"Short Insular Gyri, Right",,,
4219,LL,,,,,,,,,Limbic Lobe,,,,,
4220,CgG,,,,,,,,,,Cingulate gyrus,,,,
4221,CgGf,,,,,,,,,,,"Cingulate gyrus, frontal part",,,
4222,CgGf,L,,,,,,,,,,,"Cingulate gyrus, frontal part, Left",,
4223,CgGf-s,L,2,5,x,,,,,,,,,"Cingulate gyrus, frontal part, Left, superior bank of gyrus",
4224,CgGf-i,L,3,3,x,,,,,,,,,"Cingulate gyrus, frontal part, Left, inferior bank of gyrus",
4225,CgGf,R,,,,,,,,,,,"Cingulate gyrus, frontal part, Right",,
4226,CgGf-s,R,4,6,,,,,,,,,,"Cingulate gyrus, frontal part, Right, superior bank of gyrus",
4227,CgGf-i,R,2,4,,,,,,,,,,"Cingulate gyrus, frontal part, Right, inferior bank of gyrus",
4228,CgGp,,,,,,,,,,,"Cingulate gyrus, parietal part",,,
4229,CgGp,L,,,,,,,,,,,"Cingulate gyrus, parietal part, Left",,
4230,CgGp-s,L,2,1,x,,,,,,,,,"Cingulate gyrus, parietal part, Left, superior bank of gyrus",
4231,CgGp-i,L,2,,at least n=1 per structure both brains,,,,,,,,,"Cingulate gyrus, parietal part, Left, inferior bank of gyrus",
4232,CgGp,R,,,,,,,,,,,"Cingulate gyrus, parietal part, Right",,
4233,CgGp-s,R,2,1,,,,,,,,,,"Cingulate gyrus, parietal part, Right, superior bank of gyrus",
4234,CgGp-i,R,2,1,,,,,,,,,,"Cingulate gyrus, parietal part, Right, inferior bank of gyrus",
4235,CgGr,,,,,,,,,,,"Cingulate gyrus, retrosplenial part",,,
4236,CgGr,L,,,,,,,,,,,"Cingulate gyrus, retrosplenial part, Left",,
4237,CgGr-s,L,,,,,,,,,,,,"Cingulate gyrus, retrosplenial part, Left, superior bank of gyrus",
4238,CgGr-i,L,,2,,,,,,,,,,"Cingulate gyrus, retrosplenial part, Left, inferior bank of gyrus",
4239,CgGr,R,,,,,,,,,,,"Cingulate gyrus, retrosplenial part, Right",,
4240,CgGr-s,R,,1,,,,,,,,,,"Cingulate gyrus, retrosplenial part, Right, superior bank of gyrus",
4241,CgGr-i,R,,3,,,,,,,,,,"Cingulate gyrus, retrosplenial part, Right, inferior bank of gyrus",
4249,HiF,,,,,,,,,,hippocampal formation,,,,
12891,DG,,,,x,,,,,,,Dentate Gyrus,,,
4258,DG,L,5,4,,,,,,,,,"Dentate gyrus, Left",,
4267,DG,R,6,4,,,,,,,,,"Dentate gyrus, Right",,
12892,CA1,,,,x,,,,,,,CA1 field,,,
4254,CA1,L,5,5,,,,,,,,,"CA1 field, Left",,
4263,CA1,R,8,6,,,,,,,,,"CA1 field, Right",,
12893,CA2,,,,x,,,,,,,CA2 field,,,
4255,CA2,L,5,3,,,,,,,,,"CA2 field, Left",,
4264,CA2,R,5,5,,,,,,,,,"CA2 field, Right",,
12894,CA3,,,,x,,,,,,,CA3 field,,,
4256,CA3,L,4,4,,,,,,,,,"CA3 field, Left",,
4265,CA3,R,6,4,,,,,,,,,"CA3 field, Right",,
12895,CA4,,,,x,,,,,,,CA4 field,,,
4257,CA4,L,4,4,,,,,,,,,"CA4 field, Left",,
4266,CA4,R,6,5,,,,,,,,,"CA4 field, Right",,
12896,S,,,,x,,,,,,,Subiculum,,,
4251,S,L,6,5,,,,,,,,,"subiculum, Left",,
4252,PrS,L,,,,,,,,,,,,"presubiculum, Left",
4253,PaS,L,,,,,,,,,,,,"parasubiculum, Left",
4260,S,R,6,4,,,,,,,,,"subiculum, Right",,
4261,PrS,R,,,,,,,,,,,,"presubiculum, Right",
4262,PaS,R,,,,,,,,,,,,"parasubiculum, Right",
4242,PHG,,,,,,,,,,parahippocampal gyrus,,,,
4243,PHG,L,,,,,,,,,,"parahippocampal gyrus, Left",,,
4244,PHG-l,L,3,2,x,,,,,,,,"parahippocampal gyrus, Left, lateral bank of gyrus",,
4245,PHG-cos,L,4,2,x,,,,,,,,"parahippocampal gyrus, Left, bank of the cos",,
4246,PHG,R,,,,,,,,,,"parahippocampal gyrus, Right",,,
4247,PHG-l,R,3,2,,,,,,,,,"parahippocampal gyrus, Right, lateral bank of gyrus",,
4248,PHG-cos,R,4,3,,,,,,,,,"parahippocampal gyrus, Right, bank of the cos",,
10142,Pir,,,,,,,,,,piriform cortex,,,,
10143,Pir,L,,,,,,,,,,"piriform cortex, left",,,
10144,Pir,R,,,,,,,,,,"piriform cortex, right",,,
4180,OL,,,,,,,,,Occipital Lobe,,,,,
4184,Cun,,,,,,,,,,cuneus,,,,
4185,Cun,L,,,,,,,,,,"cuneus, Left",,,
4186,Cun-pest,L,1,3,x,,,,,,,,"cuneus, Left, peristriate",,
4187,Cun-str,L,1,2,,,,,,,,,"cuneus, Left, striate",,
4188,Cun,R,,,,,,,,,,"cuneus, Right",,,
4189,Cun-pest,R,1,1,,,,,,,,,"cuneus, Right, peristriate",,
4190,Cun-str,R,1,2,x,,,,,,,,"cuneus, Right, striate",,
4205,IOG,,,,,,,,,,inferior occipital gyrus,,,,
4206,IOG,L,,,,,,,,,,"inferior occipital gyrus, Left",,,
4207,IOG-s,L,,2,,,,,,,,,"inferior occipital gyrus, Left, superior bank of gyrus",,
4208,IOG-i,L,,3,,,,,,,,,"inferior occipital gyrus, Left, inferior bank of gyrus",,
4209,IOG,R,,,,,,,,,,"inferior occipital gyrus, Right",,,
4210,IOG-s,R,,1,,,,,,,,,"inferior occipital gyrus, Right, superior bank of gyrus",,
4211,IOG-i,R,,3,,,,,,,,,"inferior occipital gyrus, Right, inferior bank of gyrus",,
4191,LiG,,,,,,,,,,lingual gyrus,,,,
4192,LiG,L,,,,,,,,,,"lingual gyrus, Left",,,
4193,LiG-pest,L,5,3,x,,,,,,,,"lingual gyrus, Left, peristriate",,
4194,LiG-str,L,2,4,x,,,,,,,,"lingual gyrus, Left, striate",,
4195,LiG,R,,,,,,,,,,"lingual gyrus, Right",,,
4196,LiG-pest,R,3,4,,,,,,,,,"lingual gyrus, Right, peristriate",,
4197,LiG-str,R,4,3,,,,,,,,,"lingual gyrus, Right, striate",,
4181,OP,,,,,,,,,,occipital pole,,,,
4182,OP,L,,,,,,,,,,"occipital pole, Left",,,
4909,OPs,L,,,,,,,,,,,"occipital pole, Left, superior aspect",,
4910,OPi,L,,,,,,,,,,,"occipital pole, Left, inferior aspect",,
4911,OPl,L,,,,,,,,,,,"occipital pole, Left, lateral aspect",,
4183,OP,R,,,,,,,,,,"occipital pole, Right",,,
4912,OPs,R,,,,,,,,,,,"occipital pole, Right, superior aspect",,
4913,OPi,R,,,,,,,,,,,"occipital pole, Right, inferior aspect",,
4914,OPl,R,,,,,,,,,,,"occipital pole, Right, lateral aspect",,
4198,OTG,,,,,,,,,,occipito-temporal gyrus,,,,
4199,OTG,L,,,,,,,,,,"occipito-temporal gyrus, Left",,,
4200,OTG-s,L,3,1,x,,,,,,,,"occipito-temporal gyrus, Left, superior bank of gyrus",,
4201,OTG-i,L,3,1,x,,,,,,,,"occipito-temporal gyrus, Left, inferior bank of gyrus",,
4202,OTG,R,,,,,,,,,,"occipito-temporal gyrus, Right",,,
4203,OTG-s,R,2,2,,,,,,,,,"occipito-temporal gyrus, Right, superior bank of gyrus",,
4204,OTG-i,R,2,3,,,,,,,,,"occipito-temporal gyrus, Right, inferior bank of gyrus",,
4212,SOG,,,,,,,,,,superior occipital gyrus,,,,
4213,SOG,L,,,,,,,,,,"superior occipital gyrus, Left",,,
4214,SOG-s,L,1,2,x,,,,,,,,"superior occipital gyrus, Left, superior bank of gyrus",,
4215,SOG-i,L,,2,,,,,,,,,"superior occipital gyrus, Left, inferior bank of gyrus",,
4216,SOG,R,,,,,,,,,,"superior occipital gyrus, Right",,,
4217,SOG-s,R,1,2,,,,,,,,,"superior occipital gyrus, Right, superior bank of gyrus",,
4218,SOG-i,R,,1,,,,,,,,,"superior occipital gyrus, Right, inferior bank of gyrus",,
4084,PL,,,,,,,,,Parietal Lobe,,,,,
4103,IPL,,,,,,,,,,inferior parietal lobule,,,,
4111,AnG,,,,,,,,,,,angular gyrus,,,
4112,AnG,L,,,,,,,,,,,"angular gyrus, Left",,
4113,AnG-s,L,3,2,x,,,,,,,,,"angular gyrus, Left, superior bank of gyrus",
4114,AnG-i,L,2,2,x,,,,,,,,,"angular gyrus, Left, inferior bank of gyrus",
4115,AnG,R,,,,,,,,,,,"angular gyrus, Right",,
4116,AnG-s,R,2,2,,,,,,,,,,"angular gyrus, Right, superior bank of gyrus",
4117,AnG-i,R,2,3,,,,,,,,,,"angular gyrus, Right, inferior bank of gyrus",
4104,SMG,,,,,,,,,,,supramarginal gyrus,,,
4105,SMG,L,,,,,,,,,,,"supramarginal gyrus, Left",,
4106,SMG-s,L,3,1,x,,,,,,,,,"supramarginal gyrus, Left, superior bank of gyrus",
4107,SMG-i,L,5,2,x,,,,,,,,,"supramarginal gyrus, Left, inferior bank of gyrus",
4108,SMG,R,,,,,,,,,,,"supramarginal gyrus, Right",,
4109,SMG-s,R,3,2,,,,,,,,,,"supramarginal gyrus, Right, superior bank of gyrus",
4110,SMG-i,R,4,2,,,,,,,,,,"supramarginal gyrus, Right, inferior bank of gyrus",
4125,PCLp,,,,,,,,,,"paracentral lobule, posterior part",,,,
4126,PCLp,L,,,,,,,,,,"paracentral lobule, posterior part, Left",,,
4127,PCLp-l,L,,,,,,,,,,,"paracentral lobule, posterior part, Left, lateral bank of gyrus",,
4128,PCLp-cs,L,,,,,,,,,,,"paracentral lobule, posterior part, Left, bank of cingulate sulcus",,
4129,PCLp,R,,,,,,,,,,"paracentral lobule, posterior part, Right",,,
4130,PCLp-l,R,2,,,,,,,,,,"paracentral lobule, posterior part, Right, lateral bank of gyrus",,
4131,PCLp-cs,R,1,,,,,,,,,,"paracentral lobule, posterior part, Right, bank of cingulate sulcus",,
4085,PoG,,,,,,,,,,postcentral gyrus,,,,
4086,PoG,L,,,,,,,,,,"postcentral gyrus, Left",,,
4087,PoG-cs,L,4,3,x,,,,,,,,"postcentral gyrus, Left, bank of the central sulcus",,
4088,PoG-sl,L,2,4,x,,,,,,,,"postcentral gyrus, Left, superior lateral aspect of gyrus",,
4089,PoG-il,L,2,3,x,,,,,,,,"postcentral gyrus, Left, inferior lateral aspect of gyrus",,
4090,PoG-pcs,L,3,2,x,,,,,,,,"postcentral gyrus, Left, bank of the posterior central sulcus",,
4091,PoG,R,,,,,,,,,,"postcentral gyrus, Right",,,
4092,PoG-cs,R,4,3,,,,,,,,,"postcentral gyrus, Right, bank of the central sulcus",,
4093,PoG-sl,R,4,4,,,,,,,,,"postcentral gyrus, Right, superior lateral aspect of gyrus",,
4094,PoG-il,R,5,2,,,,,,,,,"postcentral gyrus, Right, inferior lateral aspect of gyrus",,
4095,PoG-pcs,R,2,1,,,,,,,,,"postcentral gyrus, Right, bank of the posterior central sulcus",,
4118,PCu,,,,,,,,,,precuneus,,,,
4119,PCu,L,,,,,,,,,,"precuneus, Left",,,
4120,Pcu-s,L,2,1,x,,,,,,,,"precuneus, Left,  superior lateral bank of gyrus",,
4121,Pcu-i,L,3,2,x,,,,,,,,"precuneus, Left, inferior lateral bank of gyrus",,
4122,PCu,R,,,,,,,,,,"precuneus, Right",,,
4123,Pcu-s,R,3,2,,,,,,,,,"precuneus, Right, superior lateral bank of gyrus",,
4124,Pcu-i,R,3,2,,,,,,,,,"precuneus, Right,  inferior lateral bank of gyrus",,
4096,SPL,,,,,,,,,,supraparietal lobule,,,,
4097,SPL,L,,,,,,,,,,"supraparietal lobule, Left",,,
4098,SPL-s,L,2,2,x,,,,,,,,"supraparietal lobule, Left, superior bank of gyrus",,
4099,SPL-i,L,2,2,x,,,,,,,,"supraparietal lobule, Left, inferior bank of gyrus",,
4100,SPL,R,,,,,,,,,,"supraparietal lobule, Right",,,
4101,SPL-s,R,3,3,,,,,,,,,"supraparietal lobule, Right, superior bank of gyrus",,
4102,SPL-i,R,1,3,,,,,,,,,"supraparietal lobule, Right, inferior bank of gyrus",,
4132,TL,,,,,,,,,Temporal Lobe,,,,,
4156,FuG,,,,,,,,,,fusiform gyrus,,,,
4157,FuG,L,,,,,,,,,,"fusiform gyrus, Left",,,
4158,FuG-its,L,3,3,,,,,,,,,"fusiform gyrus, Left, bank of the its",,
4159,FuG-l,L,4,2,,,,,,,,,"fusiform gyrus, Left, lateral bank of gyrus",,
4160,FuG-cos,L,4,1,,,,,,,,,"fusiform gyrus, Left, bank of cos",,
4161,FuG,R,,,,,,,,,,"fusiform gyrus, Right",,,
4162,FuG-its,R,5,3,x,,,,,,,,"fusiform gyrus, Right, bank of the its",,
4163,FuG-l,R,4,1,x,,,,,,,,"fusiform gyrus, Right, lateral bank of gyrus",,
4164,FuG-cos,R,4,2,x,,,,,,,,"fusiform gyrus, Right, bank of cos",,
4165,HG,,,,x,,,,,,Heschl's gyrus,,,,
4166,HG,L,3,2,,,,,,,,"Heschl's gyrus, Left",,,
4167,HG,R,4,1,,,,,,,,"Heschl's gyrus, Right",,,
4147,ITG,,,,,,,,,,inferior temporal gyrus,,,,
4148,ITG,L,,,,,,,,,,"inferior temporal gyrus, Left",,,
4149,ITG-its,L,6,4,x,,,,,,,,"inferior temporal gyrus, Left, bank of the its",,
4150,ITG-l,L,5,2,x,,,,,,,,"inferior temporal gyrus, Left, lateral bank of gyrus",,
4151,ITG-mts,L,9,3,x,,,,,,,,"inferior temporal gyrus, Left, bank of mts",,
4152,ITG,R,,,,,,,,,,"inferior temporal gyrus, Right",,,
4153,ITG-its,R,8,5,,,,,,,,,"inferior temporal gyrus, Right, bank of the its",,
4154,ITG-l,R,6,2,,,,,,,,,"inferior temporal gyrus, Right, lateral bank of gyrus",,
4155,ITG-mts,R,8,4,,,,,,,,,"inferior temporal gyrus, Right, bank of mts",,
4140,MTG,,,,,,,,,,middle temporal gyrus,,,,
4141,MTG,L,,,,,,,,,,"middle temporal gyrus, Left",,,
4142,MTG-s,L,10,6,x,,,,,,,,"middle temporal gyrus, Left, superior bank of gyrus",,
4143,MTG-i,L,10,5,x,,,,,,,,"middle temporal gyrus, Left, inferior bank of gyrus",,
4144,MTG,R,,,,,,,,,,"middle temporal gyrus, Right",,,
4145,MTG-s,R,10,6,,,,,,,,,"middle temporal gyrus, Right, superior bank of gyrus",,
4146,MTG-i,R,11,4,,,,,,,,,"middle temporal gyrus, Right, inferior bank of gyrus",,
4177,PLP,,,,x,,,,,,planum polare,,,,
4178,PLP,L,2,1,,,,,,,,"planum polare, Left",,,
4179,PLP,R,1,2,,,,,,,,"planum polare, Right",,,
4171,PLT,,,,x,,,,,,planum temporale,,,,
4172,PLT,L,4,1,,,,,,,,"planum temporale, Left",,,
4173,PLT,R,2,1,,,,,,,,"planum temporale, Right",,,
4133,STG,,,,,,,,,,superior temporal gyrus,,,,
4134,STG,L,,,,,,,,,,"superior temporal gyrus, Left",,,
4135,STG-l,L,3,2,x,,,,,,,,"superior temporal gyrus, Left, lateral bank of gyrus",,
4136,STG-i,L,6,4,x,,,,,,,,"superior temporal gyrus, Left, inferior bank of gyrus",,
4137,STG,R,,,,,,,,,,"superior temporal gyrus, Right",,,
4138,STG-l,R,4,,,,,,,,,,"superior temporal gyrus, Right, lateral bank of gyrus",,
4139,STG-i,R,5,5,,,,,,,,,"superior temporal gyrus, Right, inferior bank of gyrus",,
4174,TP,,,,,,,,,,temporal pole,,,,
4175,TP,L,,,,,,,,,,"temporal pole, Left",,,
4903,TP-s,L,1,2,x,,,,,,,,"temporal pole, Left, superior aspect",,
4904,TP-i,L,1,1,x,,,,,,,,"temporal pole, Left, inferior aspect",,
4905,TP-m,L,2,,at least n=1 per structure both brains,,,,,,,,"temporal pole, Left, medial aspect",,
4176,TP,R,,,,,,,,,,"temporal pole, Right",,,
4906,TP-s,R,1,2,,,,,,,,,"temporal pole, Right, superior aspect",,
4907,TP-i,R,3,2,,,,,,,,,"temporal pole, Right, inferior aspect",,
4908,TP-m,R,1,1,,,,,,,,,"temporal pole, Right, medial aspect",,
4168,TG,,,,at least n=1 per structure both brains,,,,,,transverse gyri,,,,
4169,TG,L,1,,,,,,,,,"transverse gyri, Left",,,
4170,TG,R,2,1,,,,,,,,"transverse gyri, Right",,,
4275,CxN,,,,,,,,Cerebral Nuclei,,,,,,
4327,Amg,,,,,,,,,Amygdala,,,,,
4328,ATZ,,,,x,,,,,,Amygdaloid Transition Zone,,,,
4329,ATZ,L,2,1,,,,,,,,"Amygdaloid Transition zone, Left",,,
4330,AHiA,L,,,,,,,,,,,"Amygdalohippocampal area, Left",,
4331,PAC,L,,,,,,,,,,,"Peri-Amygdaloid Cortex, Left",,
4332,PAC2,L,,,,,,,,,,,,"PAC2, Left",
4333,PAC3,L,,,,,,,,,,,,"PAC3, Left",
4334,PACs,L,,,,,,,,,,,,"PACs, Left",
4335,ATZ,R,,2,,,,,,,,"Amygdaloid Transition zone, Right",,,
4336,AHiA,R,,,,,,,,,,,"Amygdalohippocampal area, Right",,
4337,PAC,R,,,,,,,,,,,"Peri-Amygdaloid Cortex, Right",,
4338,PAC2,R,,,,,,,,,,,,"PAC2, Right",
4339,PAC3,R,,,,,,,,,,,,"PAC3, Right",
4340,PACs,R,,,,,,,,,,,,"PACs, Right",
4341,BLA,,,,x,,,,,,Basolateral Nucleus,,,,
4342,BLA,L,2,2,,,,,,,,"Basolateral Nucleus, Left",,,
4343,BLAm,L,,,,,,,,,,,"Basolateral Nucleus, Magnocellular, Left",,
4344,BLAi,L,,,,,,,,,,,"Basolateral Nucleus, Intermediate, Left",,
4345,BLAp,L,,,,,,,,,,,"Basolateral Nucleus, Parvicellular, Left",,
4346,BLA,R,,3,,,,,,,,"Basolateral Nucleus, Right",,,
4347,BLAm,R,,,,,,,,,,,"Basolateral Nucleus, Magnocellular, Right",,
4348,BLAi,R,,,,,,,,,,,"Basolateral Nucleus, Intermediate, Right",,
4349,BLAp,R,,,,,,,,,,,"Basolateral Nucleus, Parvicellular, Right",,
4350,BMA,,,,at least n=1 per structure both brains,,,,,,Basomedial Nucleus,,,,
4351,BMA,L,1,2,,,,,,,,"Basomedial nucleus, Left",,,
4352,BMAmc,L,,,,,,,,,,,"Basomedial Nucleus, Magnocellular division, Left",,
4353,BMApc,L,,,,,,,,,,,"Basomedial Nucleus, Parvicellular division, Left",,
4354,BMAvm,L,,,,,,,,,,,"Basomedial Nucleus, Ventromedial division, Left",,
4355,BMA,R,,3,,,,,,,,"Basomedial nucleus, Right",,,
4356,BMAmc,R,,,,,,,,,,,"Basomedial Nucleus, Magnocellular division, Right",,
4357,BMApc,R,,,,,,,,,,,"Basomedial Nucleus, Parvicellular division, Right",,
4358,BMAvm,R,,,,,,,,,,,"Basomedial Nucleus, Ventromedial division, Right",,
4359,CeA,,,,x,,,,,,Central Nucleus,,,,
4360,CeA,L,2,1,,,,,,,,"Central Nucleus, Left",,,
4361,CeAm,L,,,,,,,,,,,"Central Nucleus, Medial division, Left",,
4362,CeAl,*/,,,,,,,,,,,"Central Nucleus, Lateral division, Left",,
4363,CeA,R,,1,,,,,,,,"Central Nucleus, Right",,,
4364,CeAm,R,,,,,,,,,,,"Central Nucleus, Medial division, Right",,
4365,CeAl,R,,,,,,,,,,,"Central Nucleus, Lateral division, Right",,
4366,COMA,,,,x,,,,,,Cortico-medial group,,,,
4367,COMA,L,2,2,,,,,,,,"Cortico-medial group, Left",,,
4368,COAa,L,,,,,,,,,,,"Anterior Cortical Nucleus, Left",,
4370,MA,L,,,,,,,,,,,"Medial Nucleus, Left",,
4369,COAp,L,,,,,,,,,,,"Posterior Cortical Nucleus, Left",,
4371,COMA,R,,2,,,,,,,,"Cortico-medial group, Right",,,
4372,COAa,R,,,,,,,,,,,"Anterior Cortical Nucleus, Right",,
4374,MA,R,,,,,,,,,,,"Medial Nucleus, Right",,
4373,COAp,R,,,,,,,,,,,"Posterior Cortical Nucleus, Right",,
4375,IA,,,,,,,,,,Intercalated Nuclei,,,,
4376,IA,L,,,,,,,,,,"Intercalated Nuclei, Left",,,
4377,///,R,,,,,,,,,,"Intercalated Nuclei, Right",,,
4378,LA,,,,x,,,,,,Lateral Nucleus,,,,
4379,LA,L,3,1,,,,,,,,"Lateral Nucleus, Left",,,
4380,LAdm,L,,,,,,,,,,,"Lateral Nucleus, Dorsalmedial division, Left",,
4381,LAvl,L,,,,,,,,,,,"Lateral Nucleus, Ventrolateral division, Left",,
4382,LA,R,,2,,,,,,,,"Lateral Nucleus, Right",,,
4383,LAdm,R,,,,,,,,,,,"Lateral Nucleus, Dorsalmedial division, Right",,
4384,LAvl,R,,,,,,,,,,,"Lateral Nucleus, Ventrolateral division, Right",,
4385,NLOT,,,,,,,,,,Nucleus of the Lateral Olfactory Tract,,,,
4386,NLOT,L,,,,,,,,,,"Nucleus of the Lateral Olfactory Tract, Left",,,
4387,NLOT,R,,,,,,,,,,"Nucleus of the Lateral Olfactory Tract, Right",,,
4388,PLA,+,,,,,,,,,Paralaminar Nucleus,,,,
4389,PLA,L,,,,,,,,,,"Paralmainar Nucleus, Left",,,
4390,PLA,R,,,,,,,,,,"Paralmainar Nucleus, Right",,,
4324,AO,,,,,,,,,Anterior Olfactory Nucleus,,,,,
4325,AO,L,,,,,,,,,"Anterior Olfactory Nucleus, Left",,,,
4326,AO,R,,,,,,,,,"Anterior Olfactory Nucleus, Right",,,,
4300,BF,,,,,,,,,Basal Forebrain,,,,,
13002,SptN,,,,x,,,,,,Septal nuclei,,,,
4301,SptN,L,1,3,,,,,,,,"Septal nuclei, Left",,,
4302,MS,L,,,,,,,,,,,"Medial Septal nucleus, Left",,
4303,LS,L,,,,,,,,,,,"Lateral Septal Nucleus, Left",,
4304,SptN,R,1,3,,,,,,,,"Septal nuclei, Right",,,
4305,MS,R,,,,,,,,,,,"Medial Septal nucleus, Right",,
4306,LS,R,,,,,,,,,,,"Lateral Septal Nucleus, Right",,
13003,SI,,,,x,,,,,,Substantia Innominata,,,,
4307,SI,L,3,2,,,,,,,,"Substantia Innominata, Left",,,
4308,nbM,L,,,,,,,,,,,"Basal nucleus, Left",,
4309,DB,L,,,,,,,,,,,"Diagonal Band, Left",,
4310,DBv,L,,,,,,,,,,,,"Diagonal Band, Vertical Division, Left",
4311,DBh,L,,,,,,,,,,,,"Diagonal Band, Horizontal Division, Left",
4312,Nac,L,,,,,,,,,,,"Nucleus of the Anterior commissure, Left",,
4313,BST,L,,,,,,,,,,,"Nucleus of Stria Terminalis, Left",,
10145,OlfT,L,,,,,,,,,,,"Olfactory Tubercle, Left",,
4314,SI,R,2,2,,,,,,,,"Substantia Innominata, Right",,,
4315,nbM,R,,,,,,,,,,,"Basal nucleus, Right",,
4316,DB,R,,,,,,,,,,,"Diagonal Band, Right",,
4317,DBv,R,,,,,,,,,,,,"Diagonal Band, Vertical Division, Right",
4318,DBh,*,,,,,,,,,,,,"Diagonal Band, Horizontal Division, Right",
4319,Nac,R,,,,,,,,,,,"Nucleus of the Anterior commissure, Right",,
4320,BST,R,,,,,,,,,,,"Nucleus of Stria Terminalis, Right",,
10146,OlfT,R,,,,,,,,,,,"Olfactory Tubercle, Right",,
4276,BG,,,,,,,,,Basal Ganglia,,,,,
4293,GP,,,,,,,,,,Globus Pallidus,,,,
12897,GPe,,,,x,,,,,,,"globus pallidus, external segment",,,
4295,GPe,L,3,5,,,,,,,,,"globus pallidus, external segment, Left",,
4298,GPe,R,3,5,,,,,,,,,"globus pallidus, external segment, Right",,
12898,GPi,,,,x,,,,,,,"globus pallidus, internal segment",,,
4296,GPi,L,2,2,,,,,,,,,"globus pallidus, internal segment, Left",,
4299,GPi,R,2,2,,,,,,,,,"globus pallidus, internal segment, Right",,
4277,Str,,,,,,,,,,Striatum,,,,
4278,Cd,,,,,,,,,,,Caudate Nucleus,,,
12899,BCd,,,,,,,,,,,,Body of the Caudate Nucleus,,
4282,BCd,L,,5,,,,,,,,,,"Body of Caudate Nucleus, Left",
4286,BCd,R,,7,,,,,,,,,,"Body of Caudate Nucleus, Right",
12900,HCd,,,,x,,,,,,,,Head of the Caudate Nucleus,,
4280,HCd,L,9,4,,,,,,,,,,"Head of Caudate Nucleus, Left",
4284,HCd,R,11,2,,,,,,,,,,"Head of Caudate Nucleus, Right",
12901,TCd,,,,x,,,,,,,,Tail of the Caudate Nucleus,,
4281,TCd,L,2,2,,,,,,,,,,"Tail of Caudate Nucleus, Left",
4285,TCd,R,3,4,,,,,,,,,,"Tail of Caudate Nucleus, Right",
4290,Acb,,,,x,,,,,,,Nucleus Accumbens,,,
4291,Acb,L,1,4,,,,,,,,,"Nucleus Accumbens, Left",,
4292,Acb,R,1,3,,,,,,,,,"Nucleus Accumbens, Right",,
4287,Pu,,,,x,,,,,,,Putamen,,,
4288,Pu,L,10,8,,,,,,,,,"Putamen, Left",,
4289,Pu,R,8,6,,,,,,,,,"Putamen, Right",,
4321,Cl,,,,x,,,,,Claustrum,,,,,
4322,Cl,L,8,6,,,,,,,"Claustrum, Left",,,,
4323,Cl,R,9,5,,,,,,,"Claustrum, Right",,,,
4391,DiE,,,,,,,Diencephalon,,,,,,,
4520,ET,,,,,,,,Epithalamus,,,,,,
4521,Hb,,,,,,,,,Habenular Nuclei,,,,,
4522,Hb,L,,,,,,,,,"Habenular Nuclei, Left",,,,
4524,Hl,L,,,,,,,,,,"Lateral Habenular Nucleus, Left",,,
4525,Hlm,L,,,,,,,,,,,"Lateral Habenular Nucleus, Left, magnocellular division",,
4526,Hlp,L,,,,,,,,,,,"Lateral Habenular Nucleus, Left, parvocellular division",,
4523,Hm,L,,,,,,,,,,"Medial Habenular Nucleus, Left",,,
4527,Hb,R,,,,,,,,,"Habenular Nuclei, Right",,,,
4529,Hl,R,1,,,,,,,,,"Lateral Habenular Nucleus, Right",,,
4530,Hlm,R,,,,,,,,,,,"Lateral Habenular Nucleus, Right, magnocellular division",,
4531,Hlp,R,,,,,,,,,,,"Lateral Habenular Nucleus, Right, parvocellular division",,
4528,Hm,R,1,,,,,,,,,"Medial Habenular Nucleus, Right",,,
4533,Pa,,,,,,,,,Paraventricular Nuclei of Thalamus,,,,,
4534,Pa,L,2,1,x,,,,,,"Paraventricular Nuclei, Left of Thalamus, Left",,,,
4535,PARA,L,,,,,,,,,,"Anterior Paraventricular Nucleus of Thalamus, Left",,,
4536,PARP,L,,,,,,,,,,"Posterior Paraventricular Nucleus of Thalamus, Left",,,
4537,Pa,R,3,1,,,,,,,"Paraventricular Nuclei, Right of Thalamus, Right",,,,
4538,PARA,R,,,,,,,,,,"Anterior Paraventricular Nucleus of Thalamus, Right",,,
4539,PARP,R,,,,,,,,,,"Posterior Paraventricular Nucleus of Thalamus, Right",,,
4532,PIN,,,,,,,,,pineal,,,,,
4540,Hy,,,,,,,,Hypothalamus,,,,,,
4570,AHR,,,,,,,,,Anterior Hypothalamic Region,,,,,
12902,AHA,,,,,,,,,,Anterior Hypothalamic Area,,,,
4598,AHA,L,,1,,,,,,,,"Anterior Hypothalamic Area, Left",,,
4599,AHAA,L,,,,,,,,,,,"Anterior Hypothalamic Area, Left, anterior part",,
4600,AHC,L,,,,,,,,,,,"Anterior Hypothalamic Area, Left, central part",,
4629,AHA,R,,1,,,,,,,,"Anterior Hypothalamic Area, Right",,,
4630,AHAA,R,,,,,,,,,,,"Anterior Hypothalamic Area, Right, anterior part",,
4631,AHC,R,,,,,,,,,,,"Anterior Hypothalamic Area, Right, central part",,
12903,AHN,,,,,,,,,,Anterior Hypothalamic Nucleus,,,,
4601,AHN,L,,,,,,,,,,"Anterior Hypothalamic Nucleus, Left",,,
4632,AHN,R,,,,,,,,,,"Anterior Hypothalamic Nucleus, Right",,,
12904,LHA,,,,x,,,,,,Lateral hypothalamic Area,,,,
4596,LHA,L,1,2,,,,,,,,"Lateral hypothalamic area, Left",,,
4597,PalHy,L,,,,,,,,,,,"Pallidohypothalamic Nucleus, Left",,
4627,LHA,R,1,2,,,,,,,,"Lateral hypothalamic area, Right",,,
4628,PalHy,R,,,,,,,,,,,"Pallidohypothalamic Nucleus, Right",,
12905,PVH,,,,,,,,,,Paraventricular Nucleus of the Hypothalamus,,,,
4573,PVH,L,,2,,,,,,,,"Paraventricular Nucleus of the Hypothalamus, Left",,,
4574,SPZ,L,,,,,,,,,,,"Subparaventricular Zone, Left",,
4575,PVHd,L,,,,,,,,,,,"Paraventricular Nucleus of the hypothalamus, Left, descending division",,
4577,PVHdp,L,,,,,,,,,,,,"Paraventricular Nucleus of the Hypothalamus, Left, descending division, dorsal parvicellular part",
4579,PVHf,L,,,,,,,,,,,,"Paraventricular Nucleus of the Hypothalamus, Left, descending division, forniceal part",
4578,PVHlp,L,,,,,,,,,,,,"Paraventricular Nucleus of the Hypothalamus, Left, descending division, lateral parvicellular part",
4576,PVHmpv,L,,,,,,,,,,,,"Paraventricular Nucleus of the Hypothalamus, Left, descending division, medial parvicellular part, ventral zone",
4580,PVHm,L,,,,,,,,,,,"Paraventricular Nucleus of the Hypothalamus, Left, magnocellular division",,
4581,PVHam,L,,,,,,,,,,,,"Paraventricular Nucleus of the Hypothalamus, Left, magnocellular division, anterior magnocellular part",
4582,PVHmm,L,,,,,,,,,,,,"Paraventricular Nucleus of the Hypothalamus, Left, magnocellular division, medial magnocellular part",
4583,PVHpm,L,,,,,,,,,,,,"Paraventricular Nucleus of the Hypothalamus, Left, magnocellular division, posterior magnocellular part",
4585,PVHpml,L,,,,,,,,,,,,,"Paraventricular Nucleus of the Hypothalamus, Left, magnocellular division, posterior magnocellular part, lateral zone"
4584,PVHpmm,L,,,,,,,,,,,,,"Paraventricular Nucleus of the Hypothalamus, Left, magnocellular division, posterior magnocellular part, medial zone"
4586,PVHp,L,,,,,,,,,,,"Paraventricular Nucleus of the Hypothalamus, Left, parvicellular division",,
4587,PVHap,L,,,,,,,,,,,,"Paraventricular Nucleus of the Hypothalamus, Left, parvicellular division, anterior parvicellular part",
4588,PVHmpd,L,,,,,,,,,,,,"Paraventricular Nucleus of the Hypothalamus, Left, parvicellular division, medial parvicellular part, dorsal zone",
4589,PVHpv,L,,,,,,,,,,,,"Paraventricular Nucleus of the Hypothalamus, Left, parvicellular division, periventricular part",
4604,PVH,R,,2,,,,,,,,"Paraventricular Nucleus of the Hypothalamus, Right",,,
4605,SPZ,R,,,,,,,,,,,"Subparaventricular Zone, Right",,
4606,PVHd,R,,,,,,,,,,,"Paraventricular Nucleus of the hypothalamus, Right, descending division",,
4608,PVHdp,R,,,,,,,,,,,,"Paraventricular Nucleus of the Hypothalamus, Right, descending division, dorsal parvicellular part",
4610,PVHf,R,,,,,,,,,,,,"Paraventricular Nucleus of the Hypothalamus, Right, descending division, forniceal part",
4609,PVHlp,R,,,,,,,,,,,,"Paraventricular Nucleus of the Hypothalamus, Right, descending division, lateral parvicellular part",
4607,PVHmpv,R,,,,,,,,,,,,"Paraventricular Nucleus of the Hypothalamus, Right, descending division, medial parvicellular part, ventral zone",
4611,PVHm,R,,,,,,,,,,,"Paraventricular Nucleus of the Hypothalamus, Right, magnocellular division",,
4612,PVHam,R,,,,,,,,,,,,"Paraventricular Nucleus of the Hypothalamus, Right, magnocellular division, anterior magnocellular part",
4613,PVHmm,R,,,,,,,,,,,,"Paraventricular Nucleus of the Hypothalamus, Right, magnocellular division, medial magnocellular part",
4614,PVHpm,R,,,,,,,,,,,,"Paraventricular Nucleus of the Hypothalamus, Right, magnocellular division, posterior magnocellular part",
4616,PVHpml,R,,,,,,,,,,,,,"Paraventricular Nucleus of the Hypothalamus, Right, magnocellular division, posterior magnocellular part, lateral zone"
4615,PVHpmm,R,,,,,,,,,,,,,"Paraventricular Nucleus of the Hypothalamus, Right, magnocellular division, posterior magnocellular part, medial zone"
4617,PVHp,R,,,,,,,,,,,"Paraventricular Nucleus of the Hypothalamus, Right, parvicellular division",,
4618,PVHap,R,,,,,,,,,,,,"Paraventricular Nucleus of the Hypothalamus, Right, parvicellular division, anterior parvicellular part",
4619,PVHmpd,R,,,,,,,,,,,,"Paraventricular Nucleus of the Hypothalamus, Right, parvicellular division, medial parvicellular part, dorsal zone",
4620,PVHpv,R,,,,,,,,,,,,"Paraventricular Nucleus of the Hypothalamus, Right, parvicellular division, periventricular part",
12906,PVa,,,,,,,,,,"Periventricular Nucleus of the Hypothalamus, anterior part",,,,
4572,PVa,L,,,,,,,,,,"Periventricular Nucleus of the Hypohalamus, anterior part, Left",,,
4603,PVa,R,,,,,,,,,,"Periventricular Nucleus of the Hypohalamus, anterior part, Right",,,
12907,SO,,,,x,,,,,,Supraoptic Nucleus,,,,
4593,SO,L,1,1,,,,,,,,"Supraoptic Nucleus, Left",,,
4594,SODL,L,,,,,,,,,,,"Supraoptic Nucleus, Left, dorsolateral part",,
4595,SOVM,L,,,,,,,,,,,"Supraoptic Nucleus, Left, ventromedial part",,
4624,SO,R,1,1,,,,,,,,"Supraoptic Nucleus, Right",,,
4625,SODL,R,,,,,,,,,,,"Supraoptic Nucleus, Right, dorsolateral part",,
4626,SOVM,R,,,,,,,,,,,"Supraoptic Nucleus, Right, ventromedial part",,
12908,SCH,,,,,,,,,,SupraChiasmatic Nucleus,,,,
4590,SCH,L,,,,,,,,,,"Suprachiasmatic Nucleus, Left",,,
4591,SCHd,L,,,,,,,,,,,"Suprachiasmatic Nucleus, Left, dorsomedial part",,
4592,SCHv,L,,,,,,,,,,,"Suprachiasmatic Nucleus, Left, ventrolateral part",,
4621,SCH,R,,,,,,,,,,"Suprachiasmatic Nucleus, Right",,,
4622,SCHd,R,,,,,,,,,,,"Suprachiasmatic Nucleus, Right, dorsomedial part",,
4623,SCHv,R,,,,,,,,,,,"Suprachiasmatic Nucleus, Right, ventrolateral part",,
4665,MamR,,,,,,,,,Mammillary Region,,,,,
13004,LHM,,,,,,,,,,"Lateral Hypothalamic Area, Mammillary Region",,,,
13005,LHM,L,,,,,,,,,,"Lateral Hypothalamic Area, Mammillary Region, Left",,,
13006,LHM,R,,,,,,,,,,"Lateral Hypothalamic Area, Mammillary Region, Right",,,
12909,MB,,,,,,,,,,Mammillary Body,,,,
4671,MB,L,,1,,,,,,,,"Mammillary Body, Left",,,
4675,LM,L,,,,,,,,,,,"Lateral Mammillary Nucleus, Left",,
4672,MM,L,,,,,,,,,,,"Medial mammillary Nucleus, Left",,
4673,MMl,L,,,,,,,,,,,,"Medial Mammillary Nucleus, Left, lateral part",
4674,MMm,L,,,,,,,,,,,,"Medial Mammillary Nucleus, Left, medial part",
4676,PMm,L,,,,,,,,,,,"Premammillary Nucleus, Left",,
4677,PMD,L,,,,,,,,,,,,"Premammillary Nucleus, Left, dorsal part",
4678,PMV,L,,,,,,,,,,,,"Premammillary Nucleus, Left, ventral part",
4685,MB,R,,1,,,,,,,,"Mammillary Body, Right",,,
4689,LM,R,,,,,,,,,,,"Lateral Mammillary Nucleus, Right",,
4686,MM,R,,,,,,,,,,,"Medial mammillary Nucleus, Right",,
4687,MMl,R,,,,,,,,,,,,"Medial Mammillary Nucleus, Right, lateral part",
4688,MMm,R,,,,,,,,,,,,"Medial Mammillary Nucleus, Right, medial part",
4690,PMm,R,,,,,,,,,,,"Premammillary Nucleus, Right",,
4691,PMD,R,,,,,,,,,,,,"Premammillary Nucleus, Right, dorsal part",
4692,PMV,R,,,,,,,,,,,,"Premammillary Nucleus, Right, ventral part",
12910,PHA,,,,x,,,,,,Posterior Hypothalamic Area,,,,
4679,PHA,L,2,1,,,,,,,,"Posterior Hypothalamic Area, Left",,,
4693,PHA,R,1,1,,,,,,,,"Posterior Hypothalamic Area, Right",,,
12911,SuM,,,,,,,,,,Supramammillary Nucleus,,,,
4669,SuM,L,,,,,,,,,,"Supramammillary Nucleus, Left",,,
4670,SuMM,L,,,,,,,,,,,"Supramammillary Nucleus, Left, medial part",,
4683,SuM,R,,,,,,,,,,"Supramammillary Nucleus, Right",,,
4684,SuMM,R,,,,,,,,,,,"Supramammillary Nucleus, Right, medial part",,
12912,TM,,,,,,,,,,Tuberomammillary Nucleus,,,,
4667,TM,L,,,,,,,,,,"Tuberomammillary Nucleus, Left",,,
4668,TMp,L,,,,,,,,,,,"Tuberomammillary Nucleus, Left, principle part",,
4681,TM,R,,,,,,,,,,"Tuberomammillary Nucleus, Right",,,
4682,TMp,R,,,,,,,,,,,"Tuberomammillary Nucleus, Right, principle part",,
4541,PrOR,,,,x,,,,,Preoptic Region,,,,,
4542,PrOR,L,1,1,,,,,,,"Preoptic Region, Left",,,,
4553,IMH,L,,,,,,,,,,"intermediate hypothalamic nuclei, Left",,,
4554,IN,L,,,,,,,,,,,"Intermediate nucleus, Left",,
4555,UN,L,,,,,,,,,,,"Uncinate Nucleus, Left",,
4552,LPO,L,,,,,,,,,,"Lateral Preoptic Area, Left",,,
4543,MPA,L,,,,,,,,,,"Medial Preoptic Area, Left",,,
4544,MPO,L,,,,,,,,,,,"Medial Preoptic Nucleus, Left",,
4547,MPOC,L,,,,,,,,,,,,"Medial Preoptic Nucleus, Left, central part",
4545,MPOL,L,,,,,,,,,,,,"Medial Preoptic Nucleus, Left, lateral part",
4546,MPOM,L,,,,,,,,,,,,"Medial Preoptic Nucleus, Left, medial part",
4548,MnPO,L,,,,,,,,,,,"Median Preoptic Nucleus, Left",,
4549,PVpo,L,,,,,,,,,,"Periventricular Nucleus of the Hypothalamus, preoptic part, Left",,,
4550,AVPV,L,,,,,,,,,,,"Anteroventral Periventricular Nucleus, Left",,
4551,DPV,L,,,,,,,,,,,"Dorsal Periventricular Nucleus, Left",,
4556,PrOR,R,1,1,,,,,,,"Preoptic Region, Right",,,,
4567,IMH,R,,,,,,,,,,"intermediate hypothalamic nuclei, Right",,,
4568,IN,R,,,,,,,,,,,"Intermediate nucleus, Right",,
4569,UN,R,,,,,,,,,,,"Uncinate Nucleus, Right",,
4566,LPO,R,,,,,,,,,,"Lateral Preoptic Area, Right",,,
4557,MPA,R,,,,,,,,,,"Medial Preoptic Area, Right",,,
4558,MPO,R,,,,,,,,,,,"Medial Preoptic Nucleus, Right",,
4561,MPOC,R,,,,,,,,,,,,"Medial Preoptic Nucleus, Right, central part",
4559,MPOL,R,,,,,,,,,,,,"Medial Preoptic Nucleus, Right, lateral part",
4560,MPOM,R,,,,,,,,,,,,"Medial Preoptic Nucleus, Right, medial part",
4562,MnPO,R,,,,,,,,,,,"Median Preoptic Nucleus, Right",,
4563,PVpo,R,,,,,,,,,,"Periventricular Nucleus of the Hypothalamus, preoptic part, Right",,,
4564,AVPV,R,,,,,,,,,,,"Anteroventral Periventricular Nucleus, Right",,
4565,DPV,R,,,,,,,,,,,"Dorsal Periventricular Nucleus, Right",,
4633,TubR,,,,,,,,,Tuberal Region,,,,,
4634,Pit,,,,,,,,,,Pituitary Gland,,,,
12913,ARH,,,,,,,,,,Arcuate Nucleus of the Hypothalamus,,,,
4644,ARH,L,,1,,,,,,,,"Arcuate Nucleus of the Hypothalamus, Left",,,
4645,ArcD,L,,,,,,,,,,,"Arcuate Nucleus, Left, dorsal part",,
4646,ArcL,L,,,,,,,,,,,"Arcuate Nucleus, Left, lateral paert",,
4647,ArcM,L,,,,,,,,,,,"Arcuate Nucleus, Left, medial part",,
4659,ARH,R,,1,,,,,,,,"Arcuate Nucleus of the Hypothalamus, Right",,,
4660,ArcD,R,,,,,,,,,,,"Arcuate Nucleus, Right, dorsal part",,
4661,ArcL,R,,,,,,,,,,,"Arcuate Nucleus, Right, lateral paert",,
4662,ArcM,R,,,,,,,,,,,"Arcuate Nucleus, Right, medial part",,
12914,DMH,,,,,,,,,,Dorsomedial Hypothalamic Nucleus,,,,
4641,DMH,L,,,,,,,,,,"Dorsomedial hypothalamic Nucleus, Left",,,
4642,DMC,L,,,,,,,,,,,"Dorsomedial hypothalamic Nucleus, Left, compact part",,
4643,DMD,L,,,,,,,,,,,"Dorsomedial hypothalamic Nucleus, Left, diffuse part",,
4656,DMH,R,,,,,,,,,,"Dorsomedial hypothalamic Nucleus, Right",,,
4657,DMC,R,,,,,,,,,,,"Dorsomedial hypothalamic Nucleus, Right, compact part",,
4658,DMD,R,,,,,,,,,,,"Dorsomedial hypothalamic Nucleus, Right, diffuse part",,
13007,LHT,,,,,,,,,,"Lateral Hypothalamic Area, Tuberal Region",,,,
13008,LHT,L,,,,,,,,,,"Lateral Hypothalamic Area, Tuberal Region, Left",,,
13009,LHT,R,,,,,,,,,,"Lateral Hypothalamic Area, Tuberal Region, Right",,,
12915,LTu,,,,,,,,,,Lateral Tuberal Nucleus,,,,
10151,LTu,L,,,,,,,,,,"Lateral Tuberal Nucleus, Left",,,
10152,LTu,R,,,,,,,,,,"Lateral Tuberal Nucleus, Right",,,
12916,ME,,,,,,,,,,Median Eminence,,,,
4649,ME,L,,,,,,,,,,"Median Eminence, Left",,,
4664,ME,R,,,,,,,,,,"Median Eminence, Right",,,
12917,PeF,,,,,,,,,,Perifornical Nucleus,,,,
4648,PeF,L,,,,,,,,,,"Perifornical Nucleus, Left",,,
4663,PeF,R,,,,,,,,,,"Perifornical Nucleus, Right",,,
12918,PVt,,,,,,,,,,"Periventricular Nucleus of the Hypothalamus, tuberal part",,,,
4636,PVt,L,,,,,,,,,,"Periventricular Nucleus of the Hypothalamus, tuberal part, Left",,,
4651,PVt,R,,,,,,,,,,"Periventricular Nucleus of the Hypothalamus, tuberal part, Right",,,
12919,VMH,,,,,,,,,,Ventromedial Hypothalamic Nucleus,,,,
4637,VMH,L,,1,,,,,,,,"Ventromedial Hypothalamic Nucleus, Left",,,
4639,VMD,L,,,,,,,,,,,"Ventromedial Hypothalamic Nucleus, Left, dorsal part",,
4640,VMS,L,,,,,,,,,,,"Ventromedial Hypothalamic Nucleus, Left, shell",,
4638,VMV,L,,,,,,,,,,,"Ventromedial Hypothalamic Nucleus, Left, ventral part",,
4652,VMH,R,,1,,,,,,,,"Ventromedial Hypothalamic Nucleus, Right",,,
4654,VMD,R,,,,,,,,,,,"Ventromedial Hypothalamic Nucleus, Right, dorsal part",,
4655,VMS,R,,,,,,,,,,,"Ventromedial Hypothalamic Nucleus, Right, shell",,
4653,VMV,R,,,,,,,,,,,"Ventromedial Hypothalamic Nucleus, Right, ventral part",,
4517,SbT,,,,,,,,Subthalamus,,,,,,
4518,Sb,L,1,2,x,,,,,"Subthalamic Nucleus, Left",,,,,
4519,Sb,R,2,1,,,,,,"Subthalamic Nucleus, Right",,,,,
4392,TH,,,,,,,,Thalamus,,,,,,
4393,DT,,,,,,,,,Dorsal Thalamus,,,,,
12920,DTA,,,,x,,,,,,Anterior Group of Nuclei,,,,
4395,DTA,L,4,4,,,,,,,,"Anterior Group of Nuclei, Left",,,
4398,AD,L,,,,,,,,,,,"Anterodorsal Nucleus of Thalamus, Left",,
4396,AM,L,,,,,,,,,,,"Anteromedial Nucleus of Thalamus, Left",,
4397,AV,L,,,,,,,,,,,"Anteroventral Nucleus of Thalamus, Left",,
4399,LD,L,,,,,,,,,,,"Lateral dorsal Nucleus of Thalamus, Left",,
4450,DTA,R,4,5,,,,,,,,"Anterior Group of Nuclei, Right",,,
4453,AD,R,,,,,,,,,,,"Anterodorsal Nucleus of Thalamus, Right",,
4451,AM,R,,,,,,,,,,,"Anteromedial Nucleus of Thalamus, Right",,
4452,AV,R,,,,,,,,,,,"Anteroventral Nucleus of Thalamus, Right",,
4454,LD,R,,,,,,,,,,,"Lateral dorsal Nucleus of Thalamus, Right",,
12921,ILc,,,,x,,,,,,Caudal Group of intralaminar Nuclei,,,,
4437,ILc,L,1,1,,,,,,,,"Caudal Group of Intralaminar Nuclei, Left",,,
4438,CM,L,,,,,,,,,,,"Centre mÃ©dian nucleus of Thalamus, Left",,
4439,pf,L,,,,,,,,,,,"Parafascicular Nucleus of Thalamus, Left",,
4492,ILc,R,2,2,,,,,,,,"Caudal Group of Intralaminar Nuclei, Right",,,
4493,CM,R,,,,,,,,,,,"Centre mÃ©dian nucleus of Thalamus, Right",,
4494,pf,R,,,,,,,,,,,"Parafascicular Nucleus of Thalamus, Right",,
12922,LGd,,,,x,,,,,,Dorsal Lateral Geneiculate Nucleus,,,,
4440,LGd,L,2,1,,,,,,,,"Dorsal Lateral Geniculate Nucleus, Left",,,
4441,LGdm,L,,,,,,,,,,,"Dorsal Lateral Geniculate Nucleus, Left, magnocellular layers",,
4442,LGdp,L,,,,,,,,,,,"Dorsal Lateral Geniculate Nucleus, Left, parvocellular layers",,
4443,LGds,L,,,,,,,,,,,"Dorsal Lateral Geniculate Nucleus, Left, S and intercalated layers",,
4495,LGd,R,1,3,,,,,,,,"Dorsal Lateral Geniculate Nucleus, Right",,,
4496,LGdm,R,,,,,,,,,,,"Dorsal Lateral Geniculate Nucleus, Right, magnocellular layers",,
4497,LGdp,R,,,,,,,,,,,"Dorsal Lateral Geniculate Nucleus, Right, parvocellular layers",,
4498,LGds,R,,,,,,,,,,,"Dorsal Lateral Geniculate Nucleus, Right, S and intercalated layers",,
12923,DTL,,,,,,,,,,Lateral Group of Nuclei,,,,
12924,DTLd,,,,x,,,,,,,"Lateral Group of Nuclei, Dorsal Division",,,
4409,DTLd,L,1,1,,,,,,,,,"Lateral group of Nuclei, Left, Dorsal Division",,
4410,LP,L,,,,,,,,,,,,"lateral posterior nucleus of Thalamus, Left",
4411,Pla,L,,,,,,,,,,,,"anterior nucleus of pulvinar, Left",
4414,Pli,L,,,,,,,,,,,,"inferior nucleus of pulvinar, Left",
4415,Plil,L,,,,,,,,,,,,,"Inferior Nucleus of Pulvinar, Left, lateral division"
4416,Plim,L,,,,,,,,,,,,,"Inferior Nucleus of Pulvinar, Left, medial division"
4413,Pll,L,,,,,,,,,,,,"lateral nucleus of pulvinar, Left",
4412,Plm,L,,,,,,,,,,,,"medial nucleus of pulvinar, Left",
4464,DTLd,R,2,2,,,,,,,,,"Lateral group of Nuclei, Right, Dorsal Division",,
4465,LP,R,,,,,,,,,,,,"lateral posterior nucleus of Thalamus, Right",
4466,Pla,R,,,,,,,,,,,,"anterior nucleus of pulvinar, Right",
4469,Pli,R,,,,,,,,,,,,"inferior nucleus of pulvinar, Right",
4470,Plil,R,,,,,,,,,,,,,"Inferior Nucleus of Pulvinar, Right, lateral division"
4471,Plim,R,,,,,,,,,,,,,"Inferior Nucleus of Pulvinar, Right, medial division"
4468,Pll,R,,,,,,,,,,,,"lateral nucleus of pulvinar, Right",
4467,Plm,R,,,,,,,,,,,,"medial nucleus of pulvinar, Right",
12925,DTLv,,,,x,,,,,,,"Lateral Group of Nuclei, Ventral Division",,,
4417,DTLv,L,5,4,,,,,,,,,"Lateral group of Nuclei, Left, Ventral division",,
4427,VMb,L,,,,,,,,,,,,"Basal ventral medial nucleus of Thalamus, Left",
4418,VA,L,,,,,,,,,,,,"Ventral Anterior Nucleus of Thalamus, Left",
4420,VAmc,L,,,,,,,,,,,,,"Ventral Anterior Nucleus of Thalamus, Left, magnocellular division"
4419,VMp,L,,,,,,,,,,,,,"Ventral Anterior Nucleus of Thalamus, Left, principle division"
4422,VLa,L,,,,,,,,,,,,"Ventral lateral anterior nucleus of Thalamus, Left",
4423,VLp,L,,,,,,,,,,,,"Ventral lateral posterior nucleus of Thalamus, Left",
4421,VM,L,,,,,,,,,,,,"Ventral Medial Nucleus of Thalamus, Left",
4426,VPI,L,,,,,,,,,,,,"Ventral posterior inferior nucleus of Thalamus, Left",
4425,VPL,L,,,,,,,,,,,,"ventral posterior lateral nucleus of Thalamus, Left",
4424,VPM,L,,,,,,,,,,,,"ventral posterior medial nucleus of Thalamus, Left",
4472,DTLv,R,7,5,,,,,,,,,"Lateral group of Nuclei, Right, Ventral division",,
4482,VMb,R,,,,,,,,,,,,"Basal ventral medial nucleus of Thalamus, Right",
4473,VA,R,,,,,,,,,,,,"Ventral Anterior Nucleus of Thalamus, Right",
4475,VAmc,R,,,,,,,,,,,,,"Ventral Anterior Nucleus of Thalamus, Right, magnocellular division"
4474,VMp,R,,,,,,,,,,,,,"Ventral Anterior Nucleus of Thalamus, Right, principle division"
4477,VLa,R,,,,,,,,,,,,"Ventral lateral anterior nucleus of Thalamus, Right",
4478,VLp,R,,,,,,,,,,,,"Ventral lateral posterior nucleus of Thalamus, Right",
4476,VM,R,,,,,,,,,,,,"Ventral Medial Nucleus of Thalamus, Right",
4481,VPI,R,,,,,,,,,,,,"Ventral posterior inferior nucleus of Thalamus, Right",
4480,VPL,R,,,,,,,,,,,,"ventral posterior lateral nucleus of Thalamus, Right",
4479,VPM,R,,,,,,,,,,,,"ventral posterior medial nucleus of Thalamus, Right",
12926,MG,,,,at least n=1 per structure both brains,,,,,,Medial Geniculate Complex,,,,
4444,MG,L,1,,,,,,,,,"Medial Geniculate Complex, Left",,,
4446,MGad,L,,,,,,,,,,,"Anterodorsal Nucleus of Medial Geniculate Complex, Left",,
4448,MGmc,L,,,,,,,,,,,"Magnocellular Nucleus of Medial Geniculate Complex, Left",,
4447,MGpd,L,,,,,,,,,,,"Posterodorsal nucleus of Medial Geniculate Complex, Left",,
4445,MGv,L,,,,,,,,,,,"Ventral Nucleus of Medial Geniculate Complex, Left",,
4499,MG,R,,2,,,,,,,,"Medial Geniculate Complex, Right",,,
4501,MGad,R,,,,,,,,,,,"Anterodorsal Nucleus of Medial Geniculate Complex, Right",,
4503,MGmc,R,,,,,,,,,,,"Magnocellular Nucleus of Medial Geniculate Complex, Right",,
4502,MGpd,R,,,,,,,,,,,"Posterodorsal nucleus of Medial Geniculate Complex, Right",,
4500,MGv,R,,,,,,,,,,,"Ventral Nucleus of Medial Geniculate Complex, Right",,
12927,DTM,,,,x,,,,,,Medial Group of Nuclei,,,,
4400,DTM,L,4,5,,,,,,,,"Medial Group of Nuclei, Left",,,
4401,MD,L,,,,,,,,,,,"Mediodorsal nucleus of Thalamus, Left",,
4402,MDp,L,,,,,,,,,,,,"Mediodorsal nucleus of Thalamus, Left, parvocellular division",
4403,MDm,L,,,,,,,,,,,,"Mediodorsal nucleus of Thalamus, Left, magnocellular division",
4404,MDd,L,,,,,,,,,,,,"Mediodorsal nucleus of Thalamus, Left, densocelllular division",
4407,MV,L,,,,,,,,,,,"Medioventral Nucleus of Thalamus, Left",,
4405,Pt,L,,,,,,,,,,,"Parataenial Nucleus of Thalamus, Left",,
4406,Sm,L,,,,,,,,,,,"Submedial Nucleus of Thalamus, Left",,
4455,DTM,R,4,4,,,,,,,,"Medial Group of Nuclei, Right",,,
4456,MD,R,,,,,,,,,,,"Mediodorsal nucleus of Thalamus, Right",,
4457,MDp,R,,,,,,,,,,,,"Mediodorsal nucleus of Thalamus, Right, parvocellular division",
4458,MDm,R,,,,,,,,,,,,"Mediodorsal nucleus of Thalamus, Right, magnocellular division",
4459,MDd,R,,,,,,,,,,,,"Mediodorsal nucleus of Thalamus, Right, densocelllular division",
4462,MV,R,,,,,,,,,,,"Medioventral Nucleus of Thalamus, Right",,
4460,Pt,R,,,,,,,,,,,"Parataenial Nucleus of Thalamus, Right",,
4461,Sm,R,,,,,,,,,,,"Submedial Nucleus of Thalamus, Right",,
12928,DTP,,,,x,,,,,,Posterior Group of Nuclei,,,,
4428,DTP,L,1,,,,,,,,,"Posterior Group of Nuclei, Left",,,
4429,L,L,,,,,,,,,,,"Limitans Nucleus of Thalamus, Left",,
4431,Po,L,,,,,,,,,,,"Posterior Nucleus of Thalamus, Left",,
4430,SG,L,,,,,,,,,,,"Suprageniculate nucleus of Thalamus, Left",,
4483,DTP,R,1,2,,,,,,,,"Posterior Group of Nuclei, Right",,,
4484,L,R,,,,,,,,,,,"Limitans Nucleus of Thalamus, Right",,
4486,Po,R,,,,,,,,,,,"Posterior Nucleus of Thalamus, Right",,
4485,SG,R,,,,,,,,,,,"Suprageniculate nucleus of Thalamus, Right",,
12929,ILr,,,,x,,,,,,Rostral Group of Intralaminar Nuclei,,,,
4432,ILr,L,3,3,,,,,,,,"Rostral Group of intralaminar Nuclei, Left",,,
4434,CL,L,,,,,,,,,,,"Central lateral nucleus of the Thalamus, Left",,
4436,CeM,L,,,,,,,,,,,"Central Medial nucleus of Thalamus, Left",,
4435,Pc,L,,,,,,,,,,,"Paracentral Nucleus of Thalamus, Left",,
4433,Rh,L,,,,,,,,,,,"Rhomboid Nucleus of Thalamus, Left",,
4487,ILr,R,4,3,,,,,,,,"Rostral Group of intralaminar Nuclei, Right",,,
4489,CL,R,,,,,,,,,,,"Central lateral nucleus of the Thalamus, Right",,
4491,CeM,R,,,,,,,,,,,"Central Medial nucleus of Thalamus, Right",,
4490,Pc,R,,,,,,,,,,,"Paracentral Nucleus of Thalamus, Right",,
4488,Rh,R,,,,,,,,,,,"Rhomboid Nucleus of Thalamus, Right",,
4504,VT,,,,,,,,,Ventral Thalamus,,,,,
4505,VT,L,,,,,,,,,"Ventral Thalamus, Left",,,,
4510,LF,L,,,,,,,,,,"Lenticular fasciculus, Left",,,
4508,FF,L,,,,,,,,,,"Nucleus of the H field of Forel, Left",,,
4506,R,L,2,3,x,,,,,,,"Reticular Nucleus of Thalamus, Left",,,
4509,TF,L,,,,,,,,,,"Thalamic fasciculus, Left",,,
4507,ZI,L,1,2,x,,,,,,,"Zona Incerta, Left",,,
4511,VT,R,,,,,,,,,"Ventral Thalamus, Right",,,,
4516,LF,R,,,,,,,,,,"Lenticular fasciculus, Right",,,
4514,FF,R,,,,,,,,,,"Nucleus of the H field of Forel, Right",,,
4512,R,R,3,4,,,,,,,,"Reticular Nucleus of Thalamus, Right",,,
4515,TF,R,,,,,,,,,,"Thalamic fasciculus, Right",,,
4513,ZI,R,1,1,,,,,,,,"Zona Incerta, Right",,,
9001,MES,,,,,,,Mesencephalon,,,,,,,
9101,Tec,,,,,,,,Midbrain Tectum,,,,,,
9102,IC,,,,,,,,,Inferior Colliculus,,,,,
9103,IC,L,,2,,,,,,,"Inferior Colliculus, Left",,,,
9104,CIC,L,,,,,,,,,,"central nucleus of inferior colliculus, Left",,,
9105,EIC,L,,,,,,,,,,"external nucleus of inferior colliculus, Left",,,
9106,PCIC,L,,,,,,,,,,"pericentral nucleus of inferior colliculus, Left",,,
9107,IC,R,,,,,,,,,"Inferior Colliculus, Right",,,,
9108,CIC,R,,,,,,,,,,"central nucleus of inferior colliculus, Right",,,
9109,EIC,R,,,,,,,,,,"external nucleus of inferior colliculus, Right",,,
9110,PCIC,R,,,,,,,,,,"pericentral nucleus of inferior colliculus, Right",,,
9480,ICN,,,,,,,,,intercollicular nucleus,,,,,
9481,ICN,L,,,,,,,,,"intercollicular nucleus, Left",,,,
9482,ICN,R,,,,,,,,,"intercollicular nucleus, Right",,,,
9483,BrC,,,,,,,,,nucleus of the brachium of the inferior colliculus,,,,,
9484,BrC,L,,,,,,,,,"nucleus of the brachium of the inferior colliculus, left",,,,
9485,BrC,R,,,,,,,,,"nucleus of the brachium of the inferior colliculus, Right",,,,
9111,PBG,,,,,,,,,parabigeminal nucleus,,,,,
9112,PBG,L,,,,,,,,,"parabigeminal nucleus, Left",,,,
9113,PBG,R,,,,,,,,,"parabigeminal nucleus, Right",,,,
9114,SC,,,,at least n=1 per structure both brains,,,,,Superior Colliculus,,,,,
9115,SC,L,1,1,,,,,,,"Superior Colliculus, Left",,,,
9116,StL,L,,,,,,,,,,"Stratum Lemnisci of Superior Colliculus, Left",,,
9117,DpG,L,,,,,,,,,,,"deep grey layer of superior colliculus, Left",,
9118,DpWh,L,,,,,,,,,,,"deep white layer of superior colliculus, Left",,
9119,MGr,L,,,,,,,,,,,"middle grey layer of superior colliculus, Left",,
9120,MWh,L,,,,,,,,,,,"middle white layer of superior colliculus, Left",,
9121,SuG,L,,,,,,,,,,"Superficial grey layer of superior colliculus, Left",,,
9122,SuWh,L,,,,,,,,,,"Superficial white layer of superior colliculus, Left",,,
9123,SC,R,,1,,,,,,,"Superior Colliculus, Right",,,,
9124,StL,R,,,,,,,,,,"Stratum Lemnisci of Superior Colliculus, Right",,,
9125,DpG,R,,,,,,,,,,,"deep grey layer of superior colliculus, Right",,
9126,DpWh,R,,,,,,,,,,,"deep white layer of superior colliculus, Right",,
9127,MGr,R,,,,,,,,,,,"middle grey layer of superior colliculus, Right",,
9128,MWh,R,,,,,,,,,,,"middle white layer of superior colliculus, Right",,
9129,SuG,R,,,,,,,,,,"Superficial grey layer of superior colliculus, Right",,,
9130,SuWh,R,,,,,,,,,,"Superficial white layer of superior colliculus, Right",,,
9486,Sag,,,,,,,,,sagulum nucleus,,,,,
9487,Sag,L,,,,,,,,,"sagulum nucleus, Left",,,,
9488,Sag,R,,,,,,,,,"sagulum, nucleus, Right",,,,
9489,SCO,,,,,,,,,subcommissural organ,,,,,
9490,SCO,L,,,,,,,,,"subcommissural organ, Left",,,,
9491,SCO,R,,,,,,,,,"subcommissural organ, Right",,,,
9002,MTg,,,,,,,,Midbrain Tegmentum,,,,,,
9003,CGMB,,,,x,,,,,central grey substance of midbrain,,,,,
9004,CGMB,L,6,4,,,,,,,"central grey substance of midbrain, Left",,,,
9440,CGMBdl,L,,,,,,,,,,"central grey substance of midbrain, Left, dorsolateral division",,,
9439,CGMBdm,L,,,,,,,,,,"central grey substance of midbrain, Left, dorsomedial division",,,
9441,CGMBl,L,,,,,,,,,,"central grey substance of midbrain, Left, lateral division",,,
9443,CGMBpl,L,,,,,,,,,,"central grey substance of midbrain, Left, pleioglial division",,,
9442,CGMBvl,L,,,,,,,,,,"central grey substance of midbrain, Left, ventrolateral division",,,
9005,CGMB,R,5,3,,,,,,,"central grey substance of midbrain, Right",,,,
9445,CGMBdl,R,,,,,,,,,,"central grey substance of midbrain, Right, dorsolateral division",,,
9444,CGMBdm,R,,,,,,,,,,"central grey substance of midbrain, Right, dorsomedial division",,,
9446,CGMBl,R,,,,,,,,,,"central grey substance of midbrain, Right, lateral division",,,
9448,CGMBpl,R,,,,,,,,,,"central grey substance of midbrain, Right, pleioglial division",,,
9447,CGMBvl,R,,,,,,,,,,"central grey substance of midbrain, Right, ventrolateral division",,,
9449,EW,,,,,,,,,Edinger Westphal nucleus,,,,,
9450,EW,L,,1,,,,,,,"Edinger Westphal nucleus, Left",,,,
9451,EW,R,,1,,,,,,,"Edinger Westphal nucleus, Right",,,,
9012,IP,,,,,,,,,interpeduncular nucleus,,,,,
9013,IP,L,,,,,,,,,"interpeduncular nucleus, Left",,,,
9014,IP,R,,,,,,,,,"interpeduncular nucleus, Right",,,,
9015,ICjl,,,,,,,,,interstitial nucleus of Cajal,,,,,
9016,ICjl,L,,1,,,,,,,"interstitial nucleus of Cajal, Left",,,,
9017,ICjl,R,,1,,,,,,,"interstitial nucleus of Cajal, Right",,,,
9452,LDTg,,,,,,,,,lateral dorsal tegmental nucleus,,,,,
9453,LDTg,L,,,,,,,,,"lateral dorsal tegmental nucleus, Left",,,,
9454,LDTg,R,,,,,,,,,"lateral dorsal tegmental nucleus, Right",,,,
9455,MBRa,,3,4,x,,,,,Midbrain Raphe Nuclei,,,,,
9456,MBRa,L,,,,,,,,,"Midbrain Raphe Nuclei, Left",,,,
9457,DR,L,,,,,,,,,,"Dorsal Raphe nucleus, Left",,,
9458,DRD,L,,,,,,,,,,,"Dorsal Raphe nucleus, Left, dorsal part",,
9459,DRI,L,,,,,,,,,,,"Dorsal Raphe nucleus, Left, interfascicular part",,
9461,DRrc,L,,,,,,,,,,,"Dorsal Raphe nucleus, Left, Raphe cap",,
9460,DRV,L,,,,,,,,,,,"Dorsal Raphe nucleus, Left, ventral part",,
9462,MnR,L,,,,,,,,,,"Median Raphe, Left",,,
9463,MBRa,R,,,,,,,,,"Midbrain Raphe Nuclei, Right",,,,
9464,DR,R,,,,,,,,,,"Dorsal Raphe nucleus, Right",,,
9465,DRD,R,,,,,,,,,,,"Dorsal Raphe nucleus, Right, dorsal part",,
9466,DRI,R,,,,,,,,,,,"Dorsal Raphe nucleus, Right, interfascicular part",,
9468,DRrc,R,,,,,,,,,,,"Dorsal Raphe nucleus, Left, Raphe cap",,
9467,DRV,R,,,,,,,,,,,"Dorsal Raphe nucleus, Right, ventral part",,
9469,MnR,R,,,,,,,,,,"Median Raphe, Right",,,
9018,MBRF,,,,,,,,,Midbrain Reticular Formation,,,,,
9019,MBRF,L,,,,,,,,,"Midbrain Reticular Formation, Left",,,,
9020,CnF,L,,2,,,,,,,,"cuneiform nucleus, Left",,,
9021,PPTg,L,,,,,,,,,,"pedunculopontine tegmental nucleus, Left",,,
9022,SubCn,L,1,2,x,,,,,,,"subcuneiform nucleus, Left",,,
9023,MBRF,R,,,,,,,,,"Midbrain Reticular Formation, Right",,,,
9024,CnF,R,,2,,,,,,,,"cuneiform nucleus, Right",,,
9025,PPTg,R,,,,,,,,,,"pedunculopontine tegmental nucleus, Right",,,
9026,SubCn,R,1,2,,,,,,,,"subcuneiform nucleus, Right",,,
9047,Dk,,,,,,,,,nucleus of Darkschewitsch,,,,,
9048,Dk,L,,1,,,,,,,"nucleus of Darkschewitsch, Left",,,,
9049,Dk,R,,,,,,,,,"nucleus of Darkschewitsch, Right",,,,
9027,PCom,,,,,,,,,nucleus of posterior commissure,,,,,
9028,PCom,L,,,,,,,,,"nucleus of posterior commissure, Left",,,,
9029,PCom,R,,,,,,,,,"nucleus of posterior commissure, Right",,,,
9030,3,,,,x,,,,,Oculomotor Nuclear Complex,,,,,
9031,3,L,1,,,,,,,,"Oculomotor Nuclear Complex, Left",,,,
9032,AM3,L,,,,,,,,,,"anterior median oculomotor nucleus, Left",,,
9033,CC3,L,,,,,,,,,,"caudal central oculomotor nucleus, Left",,,
9034,C3,L,,,,,,,,,,"central oculomotor nucleus, Left",,,
9035,D3,L,,,,,,,,,,"dorsal oculomotor nucleus, Left",,,
9036,I3,L,,,,,,,,,,"intermediate oculomotor nucleus, Left",,,
9037,M3,L,,,,,,,,,,"medial oculomotor nucleus, Left",,,
9038,V3,L,,,,,,,,,,"ventral oculomotor nucleus, Left",,,
9039,3,R,1,2,,,,,,,"Oculomotor Nuclear Complex, Right",,,,
9040,AM3,R,,,,,,,,,,"anterior median oculomotor nucleus, Right",,,
9041,CC3,R,,,,,,,,,,"caudal central oculomotor nucleus, Right",,,
9042,C3,R,,,,,,,,,,"central oculomotor nucleus, Right",,,
9043,D3,R,,,,,,,,,,"dorsal oculomotor nucleus, Right",,,
9044,I3,R,,,,,,,,,,"intermediate oculomotor nucleus, Right",,,
9045,M3,R,,,,,,,,,,"medial oculomotor nucleus, Right",,,
9046,V3,R,,,,,,,,,,"ventral oculomotor nucleus, Right",,,
9050,PPd,,,,,,,,,peripeduncular nucleus,,,,,
9051,PPd,L,,,,,,,,,"peripeduncular nucleus, Left",,,,
9052,PPd,R,,,,,,,,,"peripeduncular nucleus, Right",,,,
9053,RN,,,,,,,,,Red Nucleus,,,,,
9054,RN,L,3,3,x,,,,,,"Red Nucleus, Left",,,,
9055,RMC,L,,,,,,,,,,"magnocellular part of red nucleus, Left",,,
9056,RPC,L,,,,,,,,,,"parvocellular part of red nucleus, Left",,,
9057,RN,R,2,3,,,,,,,"Red Nucleus, Right",,,,
9058,RMC,R,,,,,,,,,,"magnocellular part of red nucleus, Right",,,
9059,RPC,R,,,,,,,,,,"parvocellular part of red nucleus, Right",,,
9060,RI,,,,,,,,,rostral interstitial nucleus of medial longitudinal fasciculus,,,,,
9061,RI,L,,,,,,,,,"rostral interstitial nucleus of medial longitudinal fasciculus, Left",,,,
9062,RI,R,,,,,,,,,"rostral interstitial nucleus of medial longitudinal fasciculus, Right",,,,
9072,SN,,,,,,,,,Substantia Nigra,,,,,
9073,SN,L,,,,,,,,,"Substantia Nigra, Left",,,,
9074,SNC,L,4,4,x,,,,,,,"Substantia Nigra, pars compacta, Left",,,
9075,SNR,L,2,3,x,,,,,,,"Substantia Nigra, pars reticulata, Left",,,
9076,SN,R,,,,,,,,,"Substantia Nigra, Right",,,,
9077,SNC,R,3,4,,,,,,,,"Substantia Nigra, pars compacta, Right",,,
9078,SNR,R,2,6,,,,,,,,"Substantia Nigra, pars reticulata, Right",,,
9063,4,,,,x,,,,,trochlear nucleus,,,,,
9064,4,L,1,2,,,,,,,"trochlear nucleus, Left",,,,
9065,4,R,1,2,,,,,,,"trochlear nucleus, Right",,,,
9066,VTA,,,,x,,,,,ventral tegmental area,,,,,
9067,VTA,L,3,2,,,,,,,"ventral tegmental area, Left",,,,
9470,CLN,L,,,,,,,,,,"caudal linear nucleus, Left",,,
9472,IF,L,,,,,,,,,,"interfascicular nucleus, Left",,,
9473,PBP,L,,,,,,,,,,"parabrachial pigmented nucleus, Left",,,
9474,PN,L,,,,,,,,,,"paranigral nucleus, Left",,,
9471,RL,L,,,,,,,,,,"rostral linear nucleus, Left",,,
9068,VTA,R,2,1,,,,,,,"ventral tegmental area, Right",,,,
9475,CLN,R,,,,,,,,,,"caudal linear nucleus, Right",,,
9477,IF,R,,,,,,,,,,"interfascicular nucleus, Right",,,
9478,PBP,R,,,,,,,,,,"parabrachial pigmented nucleus, Right",,,
9479,PN,R,,,,,,,,,,"paranigral nucleus, Right",,,
9476,RL,R,,,,,,,,,,"rostral linear nucleus, Right",,,
9069,VTg,,,,,,,,,ventral tegmental nucleus,,,,,
9070,VTg,L,,,,,,,,,"ventral tegmental nucleus, Left",,,,
9071,VTg,R,,,,,,,,,"ventral tegmental nucleus, Right",,,,
9079,PTec,,2,1,at least n=1 per structure both brains,,,,Pretectal Region,,,,,,
9080,OT,,,,,,,,,nucleus of optic tract,,,,,
9081,OT,L,,,,,,,,,"nucleus of optic tract, Left",,,,
9082,OT,R,,,,,,,,,"nucleus of optic tract, Right",,,,
9083,PTA,,,,,,,,,nucleus of pretectal area,,,,,
9084,PTA,L,,,,,,,,,"nucleus of pretectal area, Left",,,,
9085,PTA,R,,,,,,,,,"nucleus of pretectal area, Right",,,,
9086,OPt,,,,,,,,,olivary pretectal nucleus,,,,,
9087,OPt,L,,,,,,,,,"olivary pretectal nucleus, Left",,,,
9088,OPt,R,,,,,,,,,"olivary pretectal nucleus, Right",,,,
9089,PPt,,,,,,,,,principal pretectal nucleus,,,,,
9090,PPt,L,,,,,,,,,"principal pretectal nucleus, Left",,,,
9091,PPt,R,,,,,,,,,"principal pretectal nucleus, Right",,,,
9092,SLn,,,,,,,,,sublentiform nucleus,,,,,
9093,SLn,L,,,,,,,,,"sublentiform nucleus, Left",,,,
9094,SLn,R,,,,,,,,,"sublentiform nucleus, Right",,,,
4833,Met,,,,,,,Metencephalon,,,,,,,
4696,Cb,,,,,,,,Cerebellum,,,,,,
4697,CbCx,,,,,,,,,Cerebellar Cortex,,,,,
4698,Ve,,,,,,,,,,Vermis,,,,
4699,ALVCb,,,,,,,,,,,Anterior Lobe of the Vermis,,,
4700,Ve-I-II,,1,,,,,,,,,,I-II,,
4701,Ve-III,,2,2,x,,,,,,,,III,,
4702,Ve-IV,,1,2,at least n=1 per structure both brains,,,,,,,,IV,,
4703,Ve-V,,1,2,at least n=1 per structure both brains,,,,,,,,V,,
4704,PLVCb,,,,,,,,,,,Posterior Lobe of the Vermis,,,
4705,Ve-VI,,1,2,at least n=1 per structure both brains,,,,,,,,VI,,
4706,Ve-VIIAf,,1,,,,,,,,,,VIIAf,,
4707,Ve-VIIAt,,1,2,at least n=1 per structure both brains,,,,,,,,VIIAt,,
4708,Ve-VIIB,,1,2,at least n=1 per structure both brains,,,,,,,,VIIB,,
4709,Ve-VIIIA,,1,2,at least n=1 per structure both brains,,,,,,,,VIIIA,,
4710,Ve-VIIIB,,1,2,at least n=1 per structure both brains,,,,,,,,VIIIB,,
4711,Ve-IX,,1,2,at least n=1 per structure both brains,,,,,,,,IX,,
4712,FNL,,,,,,,,,,,Flocculonodular Lobe of the Vermis,,,
4713,Ve-X,,,1,,,,,,,,,X,,
12930,CbH,,,,,,,,,,Cerebellar Hemispheres,,,,
12931,Cb-AL,,,,,,,,,,,Anterior Lobe,,,
12932,Cb-I-II,,,,,,,,,,,,I-II,,
4717,PV-I-II,L,,,,,,,,,,,,"I-II, Left Paravermis",
4733,He-I-II,L,,,,,,,,,,,,"I-II, Left Lateral Hemisphere",
4750,PV-I-II,R,,,,,,,,,,,,"I-II, Right Paravermis",
4766,He-I-II,R,,,,,,,,,,,,"I-II, Right Lateral Hemisphere",
12933,Cb-III,,,,,,,,,,,,III,,
4718,PV-III,L,1,,,,,,,,,,,"III, Left Paravermis",
4734,He-III,L,,,,,,,,,,,,"III, Left Lateral Hemisphere",
4751,PV-III,R,1,,,,,,,,,,,"III, Right Paravermis",
4767,He-III,R,,,,,,,,,,,,"III, Right Lateral Hemisphere",
12934,Cb-IV,,,,,,,,,,,,IV,,
4719,PV-IV,L,1,2,x,,,,,,,,,"IV, Left Paravermis",
4735,He-IV,L,,,,,,,,,,,,"IV, Left Lateral Hemisphere",
4752,PV-IV,R,1,,,,,,,,,,,"IV, Right Paravermis",
4768,He-IV,R,,,,,,,,,,,,"IV, Right Lateral Hemisphere",
12935,Cb-V,,,,,,,,,,,,V,,
4720,PV-V,L,1,2,x,,,,,,,,,"V, Left Paravermis",
4736,He-V,L,,,,,,,,,,,,"V, Left Lateral Hemisphere",
4753,PV-V,R,1,2,,,,,,,,,,"V, Right Paravermis",
4769,He-V,R,,,,,,,,,,,,"V, Right Lateral Hemisphere",
12936,Cb-PL,,,,,,,,,,,Posterior Lobe,,,
12937,Cb-VI,,,,,,,,,,,,VI,,
4722,PV-VI,L,1,2,x,,,,,,,,,"VI, Left Paravermis",
4738,He-VI,L,1,2,x,,,,,,,,,"VI, Left Lateral Hemisphere",
4755,PV-VI,R,1,2,,,,,,,,,,"VI, Right Paravermis",
4771,He-VI,R,1,2,,,,,,,,,,"VI, Right Lateral Hemisphere",
12938,Cb-Crus I,,,,,,,,,,,,Crus I,,
4723,PV-Crus I,L,1,2,x,,,,,,,,,"Crus I, Left Paravermis",
4739,He-Crus I,L,1,2,x,,,,,,,,,"Crus I, Left Lateral Hemisphere",
4756,PV-Crus I,R,1,2,,,,,,,,,,"Crus I, Right Paravermis",
4772,He-Crus I,R,1,4,,,,,,,,,,"Crus I, Right Lateral Hemisphere",
12939,Cb-Crus II,,,,,,,,,,,,Crus II,,
4724,PV-Crus II,L,1,2,x,,,,,,,,,"Crus II, Left Paravermis",
4740,He-Crus II,L,1,4,x,,,,,,,,,"Crus II, Left Lateral Hemisphere",
4757,PV-Crus II,R,1,,,,,,,,,,,"Crus II, Right Paravermis",
4773,He-Crus II,R,1,4,,,,,,,,,,"Crus II, Right Lateral Hemisphere",
12940,Cb-VIIB,,,,,,,,,,,,VIIB,,
4725,PV-VIIB,L,1,2,x,,,,,,,,,"VIIB, Left Paravermis",
4741,He-VIIB,L,1,1,x,,,,,,,,,"VIIB, Left Lateral Hemisphere",
4758,PV-VIIB,R,1,2,,,,,,,,,,"VIIB, Right Paravermis",
4774,He-VIIB,R,1,2,,,,,,,,,,"VIIB, Right Lateral Hemisphere",
12941,Cb-VIIIA,,,,,,,,,,,,VIIIA,,
4726,PV-VIIIA,L,1,2,x,,,,,,,,,"VIIIA, Left Paravermis",
4742,He-VIIIA,L,,2,at least n=1 per structure both brains,,,,,,,,,"VIIIA, Left Lateral Hemisphere",
4759,PV-VIIIA,R,1,2,,,,,,,,,,"VIIIA, Right Paravermis",
4775,He-VIIIA,R,1,,,,,,,,,,,"VIIIA, Right Lateral Hemisphere",
12942,Cb-VIIIB,,,,,,,,,,,,VIIIB,,
4727,PV-VIIIB,L,1,1,x,,,,,,,,,"VIIIB, Left Paravermis",
4743,He-VIIIB,L,,,,,,,,,,,,"VIIIB, Left Lateral Hemisphere",
4760,PV-VIIIB,R,1,2,,,,,,,,,,"VIIIB, Right Paravermis",
4776,He-VIIIB,R,,,,,,,,,,,,"VIIIB, Right Lateral Hemisphere",
12943,Cb-IX,,,,,,,,,,,,IX,,
4728,PV-IX,L,1,2,x,,,,,,,,,"IX, Left Paravermis",
4744,He-IX,L,,,,,,,,,,,,"IX, Left Lateral Hemisphere",
4761,PV-IX,R,1,2,,,,,,,,,,"IX, Right Paravermis",
4777,He-IX,R,,,,,,,,,,,,"IX, Right Lateral Hemisphere",
12944,Cb-FNL,,,,,,,,,,,Flocculonodular Lobe,,,
12945,Cb-X,,,,,,,,,,,,X,,
4730,PV-X,L,,,,,,,,,,,,"X, Left Paravermis",
4746,He-X,L,,,,,,,,,,,,"X, Left Lateral Hemisphere",
4763,PV-X,R,,2,,,,,,,,,,"X, Right Paravermis",
4779,He-X,R,,,,,,,,,,,,"X, Right Lateral Hemisphere",
4780,CbN,,,,,,,,,Cerebellar Nuclei,,,,,
12946,Dt,,,,x,,,,,,Dentate Nucleus,,,,
4782,Dt,L,2,2,,,,,,,,"Dentate Nucleus, Left",,,
4787,Dt,R,3,2,,,,,,,,"Dentate Nucleus, Right",,,
12947,Emb,,,,at least n=1 per structure both brains,,,,,,Emboliform Nucleus,,,,
4783,Emb,L,1,1,,,,,,,,"Emboliform Nucleus, Left",,,
4788,Emb,R,1,,,,,,,,,"Emboliform Nucleus, Right",,,
12948,Fas,,,,at least n=1 per structure both brains,,,,,,Fastigial Nucleus,,,,
4784,Fas,L,1,1,,,,,,,,"Fastigial Nucleus, Left",,,
4789,Fas,R,2,,,,,,,,,"Fastigial Nucleus, Right",,,
12949,Glo,,,,at least n=1 per structure both brains,,,,,,Globose Nucleus,,,,
4785,Glo,L,1,1,,,,,,,,"Globose Nucleus, Left",,,
4790,Glo,R,1,,,,,,,,,"Globose Nucleus, Right",,,
9131,Pons,,,,,,,,Pons,,,,,,
9132,Bpons,,,,,,,,,Basal Part of Pons,,,,,
9133,Pn,,,,x,,,,,,pontine nuclei,,,,
9492,Pn,L,5,6,,,,,,,,"pontine nuclei, Left",,,
9493,Pn,R,7,6,,,,,,,,"pontine nuclei, Right",,,
9135,PTg,,,,,,,,,Pontine Tegmentum,,,,,
9136,6,,,,x,,,,,,abducens nucleus,,,,
9137,6,L,2,1,,,,,,,,"abducens nucleus, Left",,,
9138,6,R,2,1,,,,,,,,"abducens nucleus, Right",,,
9494,Acs7,,,,,,,,,,accessory facial nucleus,,,,
9495,Acs7,L,,,,,,,,,,"accessory facial nucleus, Left",,,
9496,Acs7,R,,,,,,,,,,"accessory facial nucleus, Right",,,
9497,Acs5,,,,,,,,,,accessory trigeminal nucleus,,,,
9498,Acs5,L,,,,,,,,,,"accessory trigeminal nucleus, Left",,,
9499,Acs5,R,,,,,,,,,,"accessory trigeminal nucleus, Right",,,
10147,CGPo,,,,,,,,,,central grey of the Pons,,,,
10148,CGPo,L,,1,,,,,,,,"central grey of the pons, Left",,,
10149,CGPo,R,,1,,,,,,,,"central grey of the pons, Right",,,
9139,DLL,,,,,,,,,,dorsal nucleus of lateral lemniscus,,,,
9140,DLL,L,,,,,,,,,,"dorsal nucleus of lateral lemniscus, Left",,,
9141,DLL,R,,,,,,,,,,"dorsal nucleus of lateral lemniscus, Right",,,
9142,7,,,,x,,,,,,facial motor nucleus,,,,
9143,7,L,2,2,,,,,,,,"facial motor nucleus, Left",,,
9501,7L,L,,,,,,,,,,,"facial motor nucleus, Left, lateral part",,
9502,7I,L,,,,,,,,,,,"facial motor nucleus, Left, intermediate part",,
9500,7M,L,,,,,,,,,,,"facial motor nucleus, Left, medial part",,
9505,P7,L,,,,,,,,,,,"facial motor nucleus, Left, perifacial zone",,
9503,7vl,L,,,,,,,,,,,"facial motor nucleus, Left, ventral part",,
9504,7VL,L,,,,,,,,,,,"facial motor nucleus, Left, ventrolateral part",,
9144,7,R,2,1,,,,,,,,"facial motor nucleus, Right",,,
9507,7L,R,,,,,,,,,,,"facial motor nucleus, Right, lateral part",,
9508,7I,R,,,,,,,,,,,"facial motor nucleus, Right, intermediate part",,
9506,7M,R,,,,,,,,,,,"facial motor nucleus, Right, medial part",,
9511,P7,R,,,,,,,,,,,"facial motor nucleus, Right, perifacial zone",,
9509,7vl,R,,,,,,,,,,,"facial motor nucleus, Right, ventral part",,
9510,7VL,R,,,,,,,,,,,"facial motor nucleus, Right, ventrolateral part",,
9145,LPB,,,,x,,,,,,lateral parabrachial nucleus,,,,
9146,LPB,L,2,2,,,,,,,,"lateral parabrachial nucleus, Left",,,
9147,LPB,R,2,,,,,,,,,"lateral parabrachial nucleus, Right",,,
9148,LC,,,,x,,,,,,locus ceruleus,,,,
9149,LC,L,4,2,,,,,,,,"locus ceruleus, Left",,,
9150,LC,R,4,2,,,,,,,,"locus ceruleus, Right",,,
9151,MPB,,,,x,,,,,,medial parabrachial nucleus,,,,
9152,MPB,L,1,3,,,,,,,,"medial parabrachial nucleus, Left",,,
9153,MPB,R,1,2,,,,,,,,"medial parabrachial nucleus,Right",,,
9154,SubC,,,,x,,,,,,nucleus subceruleus,,,,
9155,SubC,L,2,2,,,,,,,,"nucleus subceruleus, Left",,,
9156,SubC,R,2,2,,,,,,,,"nucleus subceruleus, Right",,,
9157,RPn,,1,1,at least n=1 per structure both brains,,,,,,pontine raphe nucleus,,,,
9158,RPn,L,,,,,,,,,,"pontine raphe nucleus, Left",,,
9159,RPn,R,,,,,,,,,,"pontine raphe nucleus,Right",,,
9160,PPRF,,,,,,,,,,Paramedian Pontine Reticular Formation,,,,
9161,PRF,L,3,3,x,,,,,,,"Pontine Reticular Formation, Left",,,
9162,PnC,L,,,,,,,,,,,"caudal pontine reticular nucleus, Left",,
9166,PnO,L,,,,,,,,,,,"oral pontine reticular nucleus, Left",,
9167,RtTg,L,,,,,,,,,,,"reticulotegmental nucleus, Left",,
9169,PRF,R,4,4,,,,,,,,"Pontine Reticular Formation, Right",,,
9170,PnC,R,,,,,,,,,,,"caudal pontine reticular nucleus, Right",,
9174,PnO,R,,,,,,,,,,,"oral pontine reticular nucleus, Right",,
9175,RtTg,R,,,,,,,,,,,"reticulotegmental nucleus, Right",,
9177,SOC,,,,x,,,,,,Superior Olivary Complex,,,,
9178,SOC,L,3,2,,,,,,,,"Superior Olivary Complex, Left",,,
9179,PeO,L,,,,,,,,,,,"periolivary nucleus, Left",,
9180,PrO,L,,,,,,,,,,,"preolivary nucleus, Left",,
9181,RO,L,,,,,,,,,,,"retro-olivary cell group, Left",,
9182,SOl,L,,,,,,,,,,,"superior olive, Left",,
9183,LSO,L,,,,,,,,,,,,"lateral superior olivary nucleus, Left",
9184,MSO,L,,,,,,,,,,,,"medial superior olivary nucleus, Left",
9185,Tz,L,,,,,,,,,,,"trapezoid nuclei, Left",,
9186,SOC,R,2,2,,,,,,,,"Superior Olivary Complex, Right",,,
9187,PeO,R,,,,,,,,,,,"periolivary nucleus, Right",,
9188,PrO,R,,,,,,,,,,,"preolivary nucleus, Right",,
9189,RO,R,,,,,,,,,,,"retro-olivary cell group, Right",,
9190,SOl,R,,,,,,,,,,,"superior olive, Right",,
9191,LSO,R,,,,,,,,,,,,"lateral superior olivary nucleus, Right",
9192,MSO,R,,,,,,,,,,,,"medial superior olivary nucleus, Right",
9193,Tz,R,,,,,,,,,,,"trapezoid nuclei, Right",,
9194,SuS,,,,,,,,,,superior salivatory nucleus,,,,
9195,SuS,L,,,,,,,,,,"superior salivatory nucleus, Left",,,
9196,SuS,R,,,,,,,,,,"superior salivatory nucleus, Right",,,
9197,tz,,,,,,,,,,trapezoid body,,,,
9198,tz,L,,,,,,,,,,"trapezoid body, Left",,,
9199,tz,R,,,,,,,,,,"trapezoid body, Right",,,
9203,5,,,,,,,,,,Trigeminal Nuclei,,,,
9204,5,L,,,,,,,,,,"Trigeminal Nuclei, Left",,,
9205,Me5,L,,,,,,,,,,,"mesencephalic nucleus of trigeminal nerve, Left",,
9206,Mo5,L,2,1,x,,,,,,,,"motor nucleus of trigeminal nerve, Left",,
9207,Pr5,L,1,1,x,,,,,,,,"principal sensory nucleus of trigeminal nerve, Left",,
9211,5,R,,,,,,,,,,"Trigeminal Nuclei, Right",,,
9212,Me5,R,,,,,,,,,,,"mesencephalic nucleus of trigeminal nerve, Right",,
9213,Mo5,R,1,1,,,,,,,,,"motor nucleus of trigeminal nerve, Right",,
9214,Pr5,R,2,1,,,,,,,,,"principal sensory nucleus of trigeminal nerve, Right",,
9200,VLL,,,,,,,,,,ventral nucleus of lateral lemniscus,,,,
9201,VLL,L,,,,,,,,,,"ventral nucleus of lateral lemniscus, Left",,,
9202,VLL,R,,,,,,,,,,"ventral nucleus of lateral lemniscus, Right",,,
9512,MY,,,,,,,Myelencephalon,,,,,,,
9513,ACu,,,,,,,,accessory cuneate nucleus,,,,,,
9514,ACu,L,,,,,,,,"accessory cuneate nucleus, Left",,,,,
9515,ACu,R,,,,,,,,"accessory cuneate nucleus, Right",,,,,
9516,Amb,,,,,,,,ambiguus nucleus,,,,,,
9517,Amb,L,,,,,,,,"ambiguus nucleus, Left",,,,,
9518,Amb,R,,,,,,,,"ambiguus nucleus, Right",,,,,
9519,Arc,,,,x,,,,arcuate nucleus of medulla,,,,,,
9520,Arc,L,4,4,,,,,,"arcuate nucleus of medulla, Left",,,,,
9521,Arc,R,3,2,,,,,,"arcuate nucleus of medulla, Right",,,,,
9522,AP,,,,,,,,area postrema,,,,,,
9523,AP,L,,,,,,,,"area postrema, Left",,,,,
9524,AP,R,,,,,,,,"area postrema, Right",,,,,
9525,CGS,,4,2,x,,,,central glial substance,,,,,,
9526,CGS,L,,,,,,,,"central glial substance, Left",,,,,
9527,CGS,R,,,,,,,,"central glial substance, Right",,,,,
9528,8Co,,,,x,,,,cochlear nuclei,,,,,,
9529,8Co,L,1,2,,,,,,"cochlear nuclei, Left",,,,,
9530,DCo,L,,,,,,,,,"dorsal cochlear nucleus, Left",,,,
9531,VCo,L,,,,,,,,,"ventral cochlear nuclei, Left",,,,
9532,AVCo,L,,,,,,,,,,"anteroventral cochlear nucleus, Left",,,
9533,PVCo,L,,,,,,,,,,"posteroventral cochlear nucleus, Left",,,
9534,8Co,R,1,,,,,,,"cochlear nuclei, Right",,,,,
9535,DCo,R,,,,,,,,,"dorsal cochlear nucleus, Right",,,,
9536,VCo,R,,,,,,,,,"ventral cochlear nuclei, Right",,,,
9537,AVCo,R,,,,,,,,,,"anteroventral cochlear nucleus, Right",,,
9538,PVCo,R,,,,,,,,,,"posteroventral cochlear nucleus, Right",,,
9539,CT,,,,,,,,conterminalis,,,,,,
9540,CT,L,,,,,,,,"conterminalis, Left",,,,,
9541,CT,R,,,,,,,,"conterminalis, Right",,,,,
9542,Cu,,,,x,,,,cuneate nucleus,,,,,,
9543,Cu,L,2,4,,,,,,"cuneate nucleus, Left",,,,,
9544,Cu,R,3,3,,,,,,"cuneate nucleus, Right",,,,,
9545,10,,,,x,,,,dorsal motor nucleus of the vagus,,,,,,
9546,10,L,3,3,,,,,,"dorsal motor nucleus of the vagus, Left",,,,,
9547,10,R,3,3,,,,,,"dorsal motor nucleus of the vagus, Right",,,,,
9548,EL,,,,,,,,endolemniscal nucleus,,,,,,
9549,EL,L,,,,,,,,"endolemniscal nucleus, Left",,,,,
9550,EL,R,,,,,,,,"endolemniscal nucleus, Right",,,,,
9551,EF,,,,,,,,epifascicular nucleus,,,,,,
9552,EF,L,,,,,,,,"epifascicular nucleus, Left",,,,,
9553,EF,R,,,,,,,,"epifascicular nucleus, Right",,,,,
9554,Gr,,,,x,,,,gracile nucleus,,,,,,
9555,Gr,L,2,1,,,,,,"gracile nucleus, Left",,,,,
9556,Gr,R,3,3,,,,,,"gracile nucleus, Right",,,,,
9557,12,,,,x,,,,hypoglossal nucleus,,,,,,
9558,12,L,2,3,,,,,,"hypoglossal nucleus, Left",,,,,
9559,12,R,3,3,,,,,,"hypoglossal nucleus, Right",,,,,
9560,IO,,,,x,,,,inferior olivary complex,,,,,,
9561,IO,L,3,4,,,,,,"inferior olivary complex, Left",,,,,
9562,DIO,L,,,,,,,,,"dorsal accessory inferior olivary nucleus, Left",,,,
9563,MIO,L,,,,,,,,,"medial accessory inferior olivary nucleus, Left",,,,
9564,PrIO,L,,,,,,,,,"principal inferior olivary nucleus, Left",,,,
9565,IO,R,3,5,,,,,,"inferior olivary complex, Right",,,,,
9566,DIO,R,,,,,,,,,"dorsal accessory inferior olivary nucleus, Right",,,,
9567,MIO,R,,,,,,,,,"medial accessory inferior olivary nucleus, Right",,,,
9568,PrIO,R,,,,,,,,,"principal inferior olivary nucleus, Right",,,,
9569,IS,,,,,,,,inferior salivatory nucleus,,,,,,
9570,IS,L,,,,,,,,"inferior salivatory nucleus, Left",,,,,
9571,IS,R,,,,,,,,"inferior salivatory nucleus, Right",,,,,
9572,In,,,,,,,,intercalated nucleus,,,,,,
9573,In,L,,,,,,,,"intercalated nucleus, Left",,,,,
9574,In,R,,,,,,,,"intercalated nucleus, Right",,,,,
9575,IFH,,,,,,,,interfascicular hypoglossal nucleus,,,,,,
9576,IFH,L,,,,,,,,"interfascicular hypoglossal nucleus, Left",,,,,
9577,IFH,R,,,,,,,,"interfascicular hypoglossal nucleus, Right",,,,,
9578,IPo,,,,,,,,interpositus nucleus,,,,,,
9579,IPo,L,,,,,,,,"interpositus nucleus, Left",,,,,
9580,IPo,R,,,,,,,,"interpositus nucleus, Right",,,,,
9581,LPCu,,,,,,,,lateral pericuneate nucleus,,,,,,
9582,LPCu,L,,,,,,,,"lateral pericuneate nucleus, Left",,,,,
9583,LPCu,R,,,,,,,,"lateral pericuneate nucleus, Right",,,,,
9584,MPCu,,,,,,,,medial pericuneate nucleus,,,,,,
9585,MPCu,L,,,,,,,,"medial pericuneate nucleus, Left",,,,,
9586,MPCu,R,,,,,,,,"medial pericuneate nucleus, Right",,,,,
9587,MeRF,,,,,,,,medullary reticular formation,,,,,,
9588,CMRt,,,,x,,,,,central medullary reticular group,,,,,
9589,CMRt,L,3,3,,,,,,,"central medullary reticular group, Left",,,,
9590,CRt,L,,,,,,,,,,"central reticular nucleus of the medulla, Left",,,
9591,MRt,L,,,,,,,,,,"medial reticular nucleus of the medulla, Left",,,
9592,VRt,L,,,,,,,,,,"ventral reticular nucleus of the medulla, Left",,,
9593,CMRt,R,3,3,,,,,,,"central medullary reticular group, Right",,,,
9594,CRt,R,,,,,,,,,,"central reticular nucleus of the medulla, Right",,,
9595,MRt,R,,,,,,,,,,"medial reticular nucleus of the medulla, Right",,,
9596,VRt,R,,,,,,,,,,"ventral reticular nucleus of the medulla, Right",,,
9597,GiRt,,,,x,,,,,gigantocellular group,,,,,
9598,GiRt,L,2,4,,,,,,,"gigantocellular group, Left",,,,
9600,DPGi,L,,,,,,,,,,"dorsal paragigantocellular nucleus, Left",,,
9601,LPGi,L,,,,,,,,,,"lateral paragigantocellular nucleus, Left",,,
9602,Gi,L,,,,,,,,,,"gigantocellular nucleus, Left",,,
9603,GiV,L,,,,,,,,,,"gigantocellular nucleus, ventral part, Left",,,
9599,Gia,L,,,,,,,,,,"paragigantocellular nucleus, alpha part, Left",,,
9604,GiRt,R,1,4,,,,,,,"gigantocellular group, Right",,,,
9606,DPGi,R,,,,,,,,,,"dorsal paragigantocellular nucleus, Right",,,
9607,LPGi,R,,,,,,,,,,"lateral paragigantocellular nucleus, Right",,,
9608,Gi,R,,,,,,,,,,"gigantocellular nucleus, Right",,,
9609,GiV,R,,,,,,,,,,"gigantocellular nucleus, ventral part, Right",,,
9605,Gia,R,,,,,,,,,,"paragigantocellular nucleus, alpha part, Right",,,
9610,Irt,,,,,,,,,intermediate zone,,,,,
9611,Irt,L,,,,,,,,,"intermediate zone, Left",,,,
9612,Irt,R,,,,,,,,,"intermediate zone, Right",,,,
9613,LMRt,,,,x,,,,,lateral medullary reticular group,,,,,
9614,LMRt,L,2,3,,,,,,,"lateral medullary reticular group, Left",,,,
9615,EO,L,,,,,,,,,,"epiolivary nucleus, Left",,,
9616,LRt,L,,,,,,,,,,"lateral reticular nucleus, Left",,,
9618,LRtPC,L,,,,,,,,,,"parvocellular division, Left",,,
9617,LRtS5,L,,,,,,,,,,"subtrigeminal division, Left",,,
9619,LMRt,R,4,3,,,,,,,"lateral medullary reticular group, Right",,,,
9620,EO,R,,,,,,,,,,"epiolivary nucleus, Right",,,
9621,LRt,R,,,,,,,,,,"lateral reticular nucleus, Right",,,
9623,LRtPC,R,,,,,,,,,,"parvocellular division, Right",,,
9622,LRtS5,R,,,,,,,,,,"subtrigeminal division, Right",,,
9624,PCRt,,,,,,,,,parvicellular reticular nucleus,,,,,
9625,PCRt,L,,,,,,,,,"parvicellular reticular nucleus, Left",,,,
9626,PCRt,R,,,,,,,,,"parvicellular reticular nucleus, Right",,,,
9627,Ro,,,,,,,,nucleus of Roller,,,,,,
9628,Ro,L,,,,,,,,"nucleus of Roller, Left",,,,,
9629,Ro,R,,,,,,,,"nucleus of Roller, Right",,,,,
9630,Pa5,,,,,,,,paratrigeminal nucleus,,,,,,
9631,Pa5,L,,,,,,,,"paratrigeminal nucleus, Left",,,,,
9632,Pa5,R,,,,,,,,"paratrigeminal nucleus, Right",,,,,
9633,Pe5,,,,,,,,peritrigeminal nucleus,,,,,,
9634,Pe5,L,,,,,,,,"peritrigeminal nucleus, Left",,,,,
9635,Pe5,R,,,,,,,,"peritrigeminal nucleus, Right",,,,,
9636,PnB,,,,,,,,pontobulbar nucleus,,,,,,
9637,PnB,L,,,,,,,,"pontobulbar nucleus, Left",,,,,
9638,PnB,R,,,,,,,,"pontobulbar nucleus, Right",,,,,
9639,Pr,,,,,,,,prepositus nucleus,,,,,,
9640,Pr,L,,,,,,,,"prepositus nucleus, Left",,,,,
9641,Pr,R,,,,,,,,"prepositus nucleus, Right",,,,,
9642,RaM,,2,4,x,,,,raphe nuclei of medulla,,,,,,
9643,RMg,,,,,,,,,nucleus raphe magnus,,,,,
9644,RMg,L,,,,,,,,,"nucleus raphe magnus, Left",,,,
9645,RMg,R,,,,,,,,,"nucleus raphe magnus, Right",,,,
9646,ROb,,,,,,,,,nucleus raphe obscurus,,,,,
9647,ROb,L,,,,,,,,,"nucleus raphe obscurus, Left",,,,
9648,ROb,R,,,,,,,,,"nucleus raphe obscurus, Right",,,,
9649,RPa,,,,,,,,,nucleus raphe pallidus,,,,,
9650,Ramb,,,,,,,,retroambiguus nucleus,,,,,,
9651,Ramb,L,,,,,,,,"retroambiguus nucleus, Left",,,,,
9652,Ramb,R,,,,,,,,"retroambiguus nucleus, Right",,,,,
9653,Sol,,,,,,,,solitary nucleus,,,,,,
9654,Sol,L,,,,,,,,"solitary nucleus, left",,,,,
9655,SolC,L,,,,,,,,,"solitary nucleus, Left, commissural subnucleus",,,,
9656,SolD,L,,,,,,,,,"solitary nucleus, Left, dorsal subnucleus",,,,
9657,SolDL,L,,,,,,,,,"solitary nucleus, Left, dorsolateral subnucleus",,,,
9658,SolG,L,,,,,,,,,"solitary nucleus, Left, gelantinosus subnucleus",,,,
9659,SolI,L,,,,,,,,,"solitary nucleus, Left, interstitial subnucleus",,,,
9660,SolIM,L,,,,,,,,,"solitary nucleus, Left, intermediate subnucleus",,,,
9661,SolM,L,,,,,,,,,"solitary nucleus, Left, meidal subnucleus",,,,
9662,SolPaC,L,,,,,,,,,"solitary nucleus, Left, paracommissural part",,,,
9663,SolV,L,,,,,,,,,"solitary nucleus, Left, ventral subnucleus",,,,
9664,SolVL,L,,,,,,,,,"ventrolateral subnucleus of solitary tract, Left",,,,
9665,Sol,R,,,,,,,,"solitary nucleus, Right",,,,,
9666,SolC,R,,,,,,,,,"solitary nucleus, Right, commissural subnucleus",,,,
9667,SolD,R,,,,,,,,,"solitary nucleus, Right, dorsal subnucleus",,,,
9668,SolDL,R,,,,,,,,,"solitary nucleus, Right, dorsolateral subnucleus",,,,
9669,SolG,R,,,,,,,,,"solitary nucleus, Right, gelantinosus subnucleus",,,,
9670,SolI,R,,,,,,,,,"solitary nucleus, Right, interstitial subnucleus",,,,
9671,SolIM,R,,,,,,,,,"solitary nucleus, Right, intermediate subnucleus",,,,
9672,SolM,R,,,,,,,,,"solitary nucleus, Right, meidal subnucleus",,,,
9673,SolPaC,R,,,,,,,,,"solitary nucleus, Right, paracommissural part",,,,
9674,SolV,R,,,,,,,,,"solitary nucleus, Right, ventral subnucleus",,,,
9675,SolVL,R,,,,,,,,,"ventrolateral subnucleus of solitary tract, Right",,,,
9676,Sp5,,,,x,,,,spinal trigeminal nucleus,,,,,,
9677,Sp5,L,8,5,,,,,,"spinal trigeminal nucleus, Left",,,,,
9680,Sp5C,L,,,,,,,,,"caudal spinal trigeminal nucleus, Left",,,,
9681,Sp5Cg,L,,,,,,,,,,"caudal spinal trigeminal nucleus, Left, gelatenous part",,,
9682,SP5Cm,L,,,,,,,,,,"caudal spinal trigeminal nucleus, Left, magnocellular part",,,
9683,SP5Cz,L,,,,,,,,,,"caudal spinal trigeminal nucleus, Left, zonal part",,,
9678,Sp5I,L,,,,,,,,,"interpolar part of spinal trigeminal nucleus, Left",,,,
9679,Sp5O,L,,,,,,,,,"oral part of spinal trigeminal nucleus, Left",,,,
9684,Sp5,R,6,6,,,,,,"spinal trigeminal nucleus, Right",,,,,
9687,Sp5C,R,,,,,,,,,"caudal spinal trigeminal nucleus, Right",,,,
9688,Sp5Cg,R,,,,,,,,,,"caudal spinal trigeminal nucleus, Right, gelatenous part",,,
9689,SP5Cm,R,,,,,,,,,,"caudal spinal trigeminal nucleus, Right, magnocellular part",,,
9690,SP5Cz,R,,,,,,,,,,"caudal spinal trigeminal nucleus, Right, zonal part",,,
9685,Sp5I,R,,,,,,,,,"interpolar part of spinal trigeminal nucleus, Right",,,,
9686,Sp5O,R,,,,,,,,,"oral part of spinal trigeminal nucleus, Right",,,,
9691,Sge,,,,,,,,suprageniculate nucleus of the medulla,,,,,,
9692,Sge,L,,,,,,,,"suprageniculate nucleus of the medulla, Left",,,,,
9693,Sge,R,,,,,,,,"suprageniculate nucleus of the medulla, Right",,,,,
9694,SSp,,,,,,,,supraspinal nucleus,,,,,,
9695,SSp,L,,,,,,,,"supraspinal nucleus, Left",,,,,
9696,SSp,R,,,,,,,,"supraspinal nucleus, Right",,,,,
9697,8Ve,,,,x,,,,vestibular nuclei,,,,,,
9698,8Ve,L,1,4,,,,,,"vestibular nuclei, Left",,,,,
9699,LVe,L,,,,,,,,,"lateral vestibular nucleus, Left",,,,
9700,MVe,L,,,,,,,,,"medial vestibular nucleus, Left",,,,
9702,SpVe,L,,,,,,,,,"spinal vestibular nucleus, Left",,,,
9701,SuVe,L,,,,,,,,,"superior vestibular nucleus, Left",,,,
9703,8Ve,R,3,4,,,,,,"vestibular nuclei, Right",,,,,
9704,LVe,R,,,,,,,,,"lateral vestibular nucleus, Right",,,,
9705,MVe,R,,,,,,,,,"medial vestibular nucleus, Right",,,,
9707,SpVe,R,,,,,,,,,"spinal vestibular nucleus, Right",,,,
9706,SuVe,R,,,,,,,,,"superior vestibular nucleus, Right",,,,
9218,WM,,,,,,White Matter,,,,,,,,
9219,TELWM,,,,,,,Telencephalic White Matter,,,,,,,
9220,TELCom,,,,,,,,Telencephalic Commissures,,,,,,
9221,ac,,,,,,,,,anterior commissure,,,,,
9222,cc,,2,1,at least n=1 per structure both brains,,,,,corpus callosum,,,,,
9224,bcc,,,,,,,,,,body of the corpus callosum,,,,
9223,gcc,,,,,,,,,,genu of the corpus callosum,,,,
9226,rcc,,,,,,,,,,rostrum of the corpus callosum,,,,
9225,scc,,,,,,,,,,splenium of the corpus callosum,,,,
9227,hbc,,,,,,,,,habenular commissure,,,,,
9228,hc,,,,,,,,,hippocampal commissure,,,,,
9229,pc,,,,,,,,,posterior commissure,,,,,
9230,TelTr,,,,,,,,Telencephalic White Matter Tracts,,,,,,
9231,arf,,,,,,,,,arcuate fasciculus,,,,,
9232,arf,L,,,,,,,,,"arcuate fasciculus, Left",,,,
9233,arf,R,,,,,,,,,"arcuate fasciculus, Right",,,,
9234,alv,,,,,,,,,alveus,,,,,
9235,alv,L,,,,,,,,,"alveus, Left",,,,
9236,alv,R,,,,,,,,,"alveus, Right",,,,
9237,al,,,,,,,,,ansa lenticularis,,,,,
9238,al,L,,,,,,,,,"ansa lenticularis, Left",,,,
9239,al,R,,,,,,,,,"ansa lenticularis, Right",,,,
9240,cgb,,,,,,,,,cingulum bundle,,,,,
9241,cgb,L,1,,,,,,,,"cingulum bundle, Left",,,,
9242,cgb,R,1,,,,,,,,"cingulum bundle, Right",,,,
9243,ec,,,,,,,,,external capsule,,,,,
9244,ec,L,,,,,,,,,"external capsule, Left",,,,
9245,ec,R,,,,,,,,,"external capsule, Right",,,,
9246,exc,,,,,,,,,extreme capsule,,,,,
9247,exc,L,,,,,,,,,"extreme capsule, Left",,,,
9248,exc,R,,,,,,,,,"extreme capsule, Right",,,,
9249,fx,,,,,,,,,fornix,,,,,
9250,fx,L,,,,,,,,,"fornix, Left",,,,
9251,afx,L,,,,,,,,,,"anterior column of the fornix, Left",,,
9252,bfx,L,,,,,,,,,,"body of the fornix, Left",,,
9253,fi,L,,,,,,,,,,"fimbria, Left",,,
9254,pfx,L,,,,,,,,,,"posterior column of the fornix, Left",,,
9255,fx,R,,,,,,,,,"fornix, Right",,,,
9256,afx,R,,,,,,,,,,"anterior column of the fornix, Right",,,
9257,bfx,R,,,,,,,,,,"body of the fornix, Right",,,
9258,fi,R,,,,,,,,,,"fimbria, Right",,,
9259,pfx,R,,,,,,,,,,"posterior column of the fornix, Right",,,
9260,ilf,,,,,,,,,inferior longitudinal fasciculus,,,,,
9261,ilf,L,,,,,,,,,"inferior longitudinal fasciculus, Left",,,,
9262,ilf,R,,,,,,,,,"inferior longitudinal fasciculus, Right",,,,
9263,ic,,,,,,,,,internal capsule,,,,,
9264,ic,L,,,,,,,,,"internal capsule, Left",,,,
9265,ic,R,,,,,,,,,"internal capsule, Right",,,,
9266,mtt,,,,,,,,,mammillothalamic tract,,,,,
9267,mtt,L,,,,,,,,,"mammillothalamic tract, Left",,,,
9268,mtt,R,,,,,,,,,"mammillothalamic tract, Right",,,,
9269,off,,,,,,,,,occipitofrontal fasciculus,,,,,
9270,off,L,,,,,,,,,"occipitofrontal fasciculus, Left",,,,
9271,off,R,,,,,,,,,"occipitofrontal fasciculus, Right",,,,
9272,ppf,,,,,,,,,perpendicular fasciculus,,,,,
9273,ppf,L,,,,,,,,,"perpendicular fasciculus, Left",,,,
9274,ppf,R,,,,,,,,,"perpendicular fasciculus, Right",,,,
9275,sm,,,,,,,,,stria medullaris,,,,,
9276,sm,L,,,,,,,,,"stria medullaris, Left",,,,
9277,sm,R,,,,,,,,,"stria medullaris, Right",,,,
9278,st,,,,,,,,,stria terminalis,,,,,
9279,st,L,,,,,,,,,"stria terminalis, Left",,,,
9280,st,R,,,,,,,,,"stria terminalis, Right",,,,
9281,slf,,,,,,,,,superior longitudinal fasciculus,,,,,
9282,slf,L,,,,,,,,,"superior longitudinal fasciculus, Left",,,,
9283,slf,R,,,,,,,,,"superior longitudinal fasciculus, Right",,,,
9284,uf,,,,,,,,,uncinate fasciculus of the forebrain,,,,,
9285,uf,L,,,,,,,,,"uncinate fasciculus of the forebrain, Left",,,,
9286,uf,R,,,,,,,,,"uncinate fasciculus of the forebrain, Right",,,,
9287,METWM,,,,,,,Metencephalic White Matter,,,,,,,
9288,CbWM,,,,,,,,Cerebellar White Matter Tracts,,,,,,
9289,icp,,,,,,,,,inferior cerebellar peduncle,,,,,
9290,icp,L,,,,,,,,,"inferior cerebellar peduncle, Left",,,,
9291,icp,R,,,,,,,,,"inferior cerebellar peduncle, Right",,,,
9292,mcp,,,,,,,,,middle cerebellar peduncle,,,,,
9293,mcp,L,,,,,,,,,"middle cerebellar peduncle, Left",,,,
9294,mcp,R,,,,,,,,,"middle cerebellar peduncle, Right",,,,
9295,scp,,,,,,,,,superior cerebellar peduncle,,,,,
9296,scp,L,,,,,,,,,"superior cerebellar peduncle, Left",,,,
9297,scp,R,,,,,,,,,"superior cerebellar peduncle, Right",,,,
9298,MYWM,,,,,,,Myelencephalic White Matter,,,,,,,
9299,CN,,,,,,,,Cranial Nerves,,,,,,
9300,1n,,,,,,,,,Olfactory Nerve,,,,,
9301,1n,L,,,,,,,,,"Olfactory Nerve, Left",,,,
9302,olf,L,,,,,,,,,,"Olfactory Tract, Left",,,
9303,Olf,L,,,,,,,,,,"Olfactory Bulb, Left",,,
9304,1n,R,,,,,,,,,"Olfactory Nerve, Right",,,,
9305,olf,R,,,,,,,,,,"Olfactory Tract, Right",,,
9306,Olf,R,,,,,,,,,,"Olfactory Bulb, Right",,,
9307,2n,,,,,,,,,Optic Nerve,,,,,
9308,2n,L,,,,,,,,,"Optic Nerve, Left",,,,
9309,opt,L,,,,,,,,,,"Optic Tract, Left",,,
9310,ox,L,,,,,,,,,,"Optic Chiasm, Left",,,
9311,or,L,,,,,,,,,,"Optic Radiations, Left",,,
9312,2n,R,,,,,,,,,"Optic Nerve, Right",,,,
9313,opt,R,,,,,,,,,,"Optic Tract, Right",,,
9314,ox,R,,,,,,,,,,"Optic Chiasm, Right",,,
9315,or,R,,,,,,,,,,"Optic Radiations, Right",,,
9316,3n,,,,,,,,,Occulomotor Nerve,,,,,
9317,3n,L,,,,,,,,,"Occulomotor Nerve, Left",,,,
9318,3n,R,,,,,,,,,"Occulomotor Nerve, Right",,,,
9319,4n,,,,,,,,,Trochlear Nerve,,,,,
9320,4n,L,,,,,,,,,"Trochlear Nerve, Left",,,,
9321,4n,R,,,,,,,,,"Trochlear Nerve, Right",,,,
9322,5n,,,,,,,,,Trigeminal Nerve,,,,,
9323,5n,L,,,,,,,,,"Trigeminal Nerve, Left",,,,
9324,5n,R,,,,,,,,,"Trigeminal Nerve, Right",,,,
9325,6n,,,,,,,,,Abducens Nerve,,,,,
9326,6n,L,,,,,,,,,"Abducens Nerve, Left",,,,
9327,6n,R,,,,,,,,,"Abducens Nerve, Right",,,,
9328,7n,,,,,,,,,Facial Nerve,,,,,
9329,7n,L,,,,,,,,,"Facial Nerve, Left",,,,
9330,7n,R,,,,,,,,,"Facial Nerve, Right",,,,
9331,8n,,,,,,,,,Vestibulocochlear Nerve,,,,,
9332,8n,L,,,,,,,,,"Vestibulchochlear Nerve, Left",,,,
9333,8n,R,,,,,,,,,"Vestibulochochlear Nerve, Right",,,,
9334,9n,,,,,,,,,Glossopharyngeal Nerve,,,,,
9335,9n,L,,,,,,,,,"Glossopharyngeal Nerve, Left",,,,
9336,9n,R,,,,,,,,,"Glossopharyngeal Nerve, Right",,,,
9337,10n,,,,,,,,,Vagus Nerve,,,,,
9338,10n,L,,,,,,,,,"Vagus Nerve, Left",,,,
9339,10n,R,,,,,,,,,"Vagus Nerve, Right",,,,
9340,11nf,,,,,,,,,Accessory Nerve,,,,,
9341,11nf,L,,,,,,,,,"Accessory Nerve, Left",,,,
9342,11nf,R,,,,,,,,,"Accessory Nerve, Right",,,,
9343,12n,,,,,,,,,Hypoglossal Nerve,,,,,
9344,12n,L,,,,,,,,,"Hypoglossal Nerve, Left",,,,
9345,12n,R,,,,,,,,,"Hypoglossal Nerve, Right",,,,
9346,dlf,,,,,,,,Dorsal Longitudinal Fasciculus,,,,,,
9347,dlf,L,,,,,,,,"Dorsal Longitudinal Fasciculus, Left",,,,,
9348,dlf,R,,,,,,,,"Dorsal Longitudinal Fasciculus, Right",,,,,
9349,mlf,,,,,,,,Medial Longitudinal fasciculus,,,,,,
9350,mlf,L,,,,,,,,"Medial Longitudinal fasciculus, Left",,,,,
9351,mlf,R,,,,,,,,"Medial Longitudinal fasciculus, Right",,,,,
12950,ctg,,,,,,,,Central Tegmental Tract,,,,,,
12951,ctg,L,,,,,,,,"Central Tegmental Tract, Left",,,,,
12952,ctg,R,,,,,,,,"Central Tegmental Tract, Right",,,,,
12953,fr,,,,,,,,Fasciculus Retroflexus,,,,,,
12954,fr,L,,,,,,,,"Fasciculus Retroflexus, Left",,,,,
12955,fr,R,,,,,,,,"Fasciculus Retroflexus, Right",,,,,
12956,ll,,,,,,,,Lateral Lemniscus,,,,,,
12957,ll,L,,,,,,,,"Lateral Lemniscus, Left",,,,,
12958,ll,R,,,,,,,,"Lateral Lemniscus, Right",,,,,
12959,ml,,,,,,,,Medial Lemniscus,,,,,,
12960,ml,L,,,,,,,,"Medial Lemniscus, Left",,,,,
12961,ml,R,,,,,,,,"Medial Lemniscus, Right",,,,,
12962,py,,,,,,,,Pyramidal Tract,,,,,,
12963,py,L,,,,,,,,"Pyramidal Tract, Left",,,,,
12964,py,R,,,,,,,,"Pyramidal Tract, Right",,,,,
12965,pyx,,,,,,,,,Pyramidal Decussation,,,,,
9352,SS,,,,,,Sulci & Spaces,,,,,,,,
9353,TELs,,,,,,,Telencephalic spaces,,,,,,,
9400,SSmd,,,,,,,,Major divisions,,,,,,
9404,cas,,,,,,,,,Callosal sulcus,,,,,
9403,cs,,,,,,,,,Central Sulcus,,,,,
9401,lf,,,,,,,,,Longitudinal Fissure,,,,,
9402,sf,,,,,,,,,Sylvian Fissure,,,,,
9354,FLs,,,,,,,,Frontal Lobe Sulci,,,,,,
9368,apos,,,,,,,,,anteiror parolfactory sulcus,,,,,
9364,cgs,,,,,,,,,cingulate sulcus,,,,,
9363,fms,,,,,,,,,frontomarginal sulcus,,,,,
9362,fros,,,,,,,,,fronto-orbital sulcus,,,,,
9357,ifs,,,,,,,,,inferior frontal sulcus,,,,,
9367,iros,,,,,,,,,inferior rostral sulcus,,,,,
9358,infs,,,,,,,,,Intermediate frontal sulcus,,,,,
9359,mfs,,,,,,,,,Medial frontal sulcus,,,,,
9361,olfs,,,,,,,,,olfactory sulcus,,,,,
9360,orbs,,,,,,,,,orbital sulcus,,,,,
9365,pcs,,,,,,,,,paracentral sulcus,,,,,
9369,ppos,,,,,,,,,posterior parolfactory sulcus,,,,,
9355,prcs,,,,,,,,,precentral sulcus,,,,,
9356,sfrs,,,,,,,,,superior frontal sulcus,,,,,
9366,sros,,,,,,,,,superior rostral sulcus,,,,,
9397,ILs,,,,,,,,Insular Lobe Sulci,,,,,,
9399,cis,,,,,,,,,central sulcus of insula,,,,,
9398,crs,,,,,,,,,circular sulcus,,,,,
9393,LLs,,,,,,,,Limbic Lobe Sulci,,,,,,
9394,his,,,,,,,,,hippocampal sulcus,,,,,
9395,ssa,,,,,,,,,sulcus semi-anularis,,,,,
9396,us,,,,,,,,,uncal sulcus,,,,,
9386,OLs,,,,,,,,Occipital Lobe Sulci,,,,,,
9391,ccs,,,,,,,,,calcarine sulcus,,,,,
9389,locs,,,,,,,,,lateral occipital sulcus,,,,,
9390,lus,,,,,,,,,lunate sulcus,,,,,
9392,pos,,,,,,,,,parieto-occipital sulcus,,,,,
9387,pon,,,,,,,,,preoccipital notch,,,,,
9388,tocs,,,,,,,,,transverse occipital sulcus,,,,,
9370,PLs,,,,,,,,Parietal Lobe Sulci,,,,,,
9372,itps,,,,,,,,,intraparietal sulcus,,,,,
9371,pocs,,,,,,,,,postcentral sulcus,,,,,
9373,pis,,,,,,,,,primary intermediate sulcus,,,,,
9374,sis,,,,,,,,,secondary intermediate sulcus,,,,,
9376,sbps,,,,,,,,,subparietal sulcus,,,,,
9375,sps,,,,,,,,,superior parietal sulcus,,,,,
9377,TLs,,,,,,,,Temporal Lobe Sulci,,,,,,
9384,ans,,,,,,,,,angular sulcus,,,,,
9385,aoc,,,,,,,,,anterior occipital sulcus,,,,,
9380,cos,,,,,,,,,collateral sulcus,,,,,
9379,its,,,,,,,,,inferior temporal sulcus,,,,,
10150,mts,,,,,,,,,middle temporal sulcus,,,,,
9382,phr,,,,,,,,,parahippocampal ramus,,,,,
9381,phs,,,,,,,,,parahippocampal sulcus,,,,,
9383,rhs,,,,,,,,,rhinal sulcus,,,,,
9378,sts,,,,,,,,,superior temporal sulcus,,,,,
9405,METs,,,,,,,Metencephalic  Sulci,,,,,,,
9406,Cbs,,,,,,,,Cerebellar Sulci,,,,,,
9407,prf,,,,,,,,,precentral fissure,,,,,
9408,pcf,,,,,,,,,preculminate fissure,,,,,
9409,icf,,,,,,,,,intraculminate fissure,,,,,
9410,prif,,,,,,,,,primary fissure,,,,,
9411,spf,,,,,,,,,superior posterior fissure,,,,,
9412,hf,,,,,,,,,horizontal fissure,,,,,
9413,apf,,,,,,,,,ansoparamedian fissure,,,,,
9414,pbf,,,,,,,,,prepyramidal/prebiventer fissure,,,,,
9415,ibf,,,,,,,,,intrabiventer fissure,,,,,
9416,sfCb,,,,,,,,,secondary fissure,,,,,
9417,plf,,,,,,,,,posterolateral fissure,,,,,
9418,Vent,,,,,,,Ventricles,,,,,,,
9419,LV,,,,,,,,Lateral Ventricle,,,,,,
9708,CPLV,,,,,,,,,Choroid Plexus of the lateral ventricle,,,,,
9420,3V,,,,,,,,Third Ventricle,,,,,,
9709,CP3V,,,,,,,,,Choroid Plexus of the third ventricle,,,,,
9421,4V,,,,,,,,Fourth Ventricle,,,,,,
9710,CP4V,,,,,,,,,Choroid Plexus of the fourth ventricle,,,,,
9422,CC,,,,,,,,Central Canal,,,,,,
